map,w,h,cells,layers,events,belowLayers,aboveLayers,belowNonempty,aboveNonempty,cellsWithGround,cellsWithAbove,multiStackGround,multiStackUpper,animCells,animTilesUnique,flipCells,uniqueVariants,coloursGround,coloursUpper,coloursFull,t8ColoursGround,t8QuantGround,t8ColoursUpper,t8QuantUpper,chunks256Over256ColoursGround,chunks256Over256ColoursUpper,maxColoursChunk256Ground,animChunks256,chunks512,chunks256,nonempty256Upper,nonempty512Upper,bytes4444_512chunks,bytes4444_tight,bytesT8_256chunks_raw,bytesT8RLE_256,bytesT8RLE_512,bytes4444RLE_256,pspPerLayerMax,pspCompMax,deskPerLayerMax,deskCompMax
37707_tower,24,24,576,4,5,3,1,654,134,508,134,126,0,0,0,0,56,587,1,586,256,True,2,False,3,0,487,0,1,4,4,1,1048576,1048576,524288,80698,79197,343140,656,520,788,642
37707_town,48,32,1536,5,30,3,2,2474,439,1536,438,797,1,2,2,0,190,99,39,101,99,False,40,False,0,0,68,1,2,6,6,2,2097152,1048576,786432,231014,235234,876006,1223,814,2913,1974
37707_town_missing,48,32,1536,5,27,3,2,2281,293,1536,293,691,0,102,19,0,107,72,23,74,72,False,24,False,0,0,59,6,2,6,6,2,2097152,1048576,786432,212919,217255,843404,1164,787,2574,1829
azure_town,50,50,2500,4,7,3,1,3093,0,2500,0,300,0,0,0,0,115,104,0,104,104,False,1,False,0,0,53,0,4,16,0,0,4194304,1048576,1048576,167032,167124,1301429,970,608,2393,1800
azure_town_hall,30,20,600,4,1,3,1,687,0,600,0,64,0,0,0,0,20,148,0,148,148,False,1,False,0,0,130,0,1,4,0,0,1048576,1048576,262144,146849,146847,313020,654,570,687,600
bedroom_test,9,7,63,4,5,3,1,97,4,63,4,26,0,0,0,0,39,352,12,358,256,True,13,False,1,0,352,0,1,1,1,1,1048576,131072,131072,12488,18590,36817,101,67,101,67
buddha_mountain,100,100,10000,4,3,3,1,11463,0,10000,0,993,0,0,0,0,52,46,0,46,46,False,1,False,0,0,26,0,16,49,0,0,16777216,1048576,3211264,837449,852396,5179964,985,608,2934,2232
candy_town,40,40,1600,4,12,3,1,2272,53,1600,53,322,0,14,13,0,274,152,25,153,152,False,26,False,0,0,76,3,4,9,6,4,4194304,1048576,983040,145733,162509,839955,940,645,2094,1493
city1_mart_junkyard,21,35,735,4,18,3,1,829,2,735,2,91,0,0,0,3,38,68,4,69,69,False,5,False,0,0,47,0,2,6,1,1,2097152,1048576,458752,75729,80836,387919,486,401,831,737
citypark,40,40,1600,4,50,3,1,2643,5,1600,5,920,0,61,9,20,97,105,5,105,105,False,6,False,0,0,51,7,4,9,2,2,4194304,1048576,720896,201251,214478,835204,1030,611,2348,1445
citypark_house1,10,8,80,4,1,3,1,111,0,80,0,27,0,0,0,0,31,115,0,115,115,False,1,False,0,0,115,0,1,1,0,0,1048576,131072,65536,10652,13704,42614,111,80,111,80
classic_aerolume_city,40,20,800,5,5,3,2,812,0,800,0,0,0,0,0,0,10,8,0,8,8,False,1,False,0,0,8,0,2,6,0,0,2097152,1048576,393216,37170,39214,418658,614,608,812,800
classic_gym_astra,20,20,400,4,5,3,1,403,0,400,0,3,0,0,0,0,13,13,0,13,13,False,1,False,0,0,10,0,1,4,0,0,1048576,1048576,262144,57160,57003,211355,383,380,403,400
classic_gym_bravion,20,20,400,4,5,3,1,403,0,400,0,3,0,0,0,0,13,13,0,13,13,False,1,False,0,0,10,0,1,4,0,0,1048576,1048576,262144,57160,57003,211355,383,380,403,400
classic_gym_ferrum,20,20,400,4,4,3,1,403,0,400,0,3,0,0,0,0,13,13,0,13,13,False,1,False,0,0,10,0,1,4,0,0,1048576,1048576,262144,57160,57003,211355,383,380,403,400
classic_gym_granite,20,20,400,4,5,3,1,403,0,400,0,3,0,0,0,0,13,13,0,13,13,False,1,False,0,0,10,0,1,4,0,0,1048576,1048576,262144,57160,57003,211355,383,380,403,400
classic_gym_marin,20,20,400,4,5,3,1,403,0,400,0,3,0,0,0,0,13,13,0,13,13,False,1,False,0,0,10,0,1,4,0,0,1048576,1048576,262144,57160,57003,211355,383,380,403,400
classic_gym_mila,20,20,400,4,5,3,1,403,0,400,0,3,0,0,0,0,13,13,0,13,13,False,1,False,0,0,10,0,1,4,0,0,1048576,1048576,262144,57160,57003,211355,383,380,403,400
classic_gym_orion,20,20,400,4,4,3,1,403,0,400,0,3,0,0,0,0,13,13,0,13,13,False,1,False,0,0,10,0,1,4,0,0,1048576,1048576,262144,57160,57003,211355,383,380,403,400
classic_gym_pyra,20,20,400,4,5,3,1,403,0,400,0,3,0,0,0,0,13,13,0,13,13,False,1,False,0,0,10,0,1,4,0,0,1048576,1048576,262144,57160,57003,211355,383,380,403,400
classic_gym_shade,20,20,400,4,4,3,1,403,0,400,0,3,0,0,0,0,13,13,0,13,13,False,1,False,0,0,10,0,1,4,0,0,1048576,1048576,262144,57160,57003,211355,383,380,403,400
classic_gym_sylva,20,20,400,4,4,3,1,403,0,400,0,3,0,0,0,0,13,13,0,13,13,False,1,False,0,0,10,0,1,4,0,0,1048576,1048576,262144,57160,57003,211355,383,380,403,400
classic_gym_voltessa,20,20,400,4,5,3,1,403,0,400,0,3,0,0,0,0,13,13,0,13,13,False,1,False,0,0,10,0,1,4,0,0,1048576,1048576,262144,57160,57003,211355,383,380,403,400
classic_gym_vyre,20,20,400,4,4,3,1,403,0,400,0,3,0,0,0,0,13,13,0,13,13,False,1,False,0,0,10,0,1,4,0,0,1048576,1048576,262144,57160,57003,211355,383,380,403,400
classic_gym_zephra,20,20,400,4,4,3,1,403,0,400,0,3,0,0,0,0,13,13,0,13,13,False,1,False,0,0,10,0,1,4,0,0,1048576,1048576,262144,57160,57003,211355,383,380,403,400
classic_hearthrock_city,40,20,800,5,7,3,2,1290,36,800,36,324,0,0,0,0,158,83,7,83,83,False,8,False,0,0,67,0,2,6,3,2,2097152,1048576,589824,92311,99159,427266,1033,640,1326,836
classic_route_1,40,20,800,5,8,3,2,1425,22,800,22,605,0,8,5,0,34,44,7,44,44,False,8,False,0,0,38,6,2,6,2,1,2097152,1048576,524288,129014,133019,424697,1102,630,1447,822
classic_route_2,40,20,800,5,5,3,2,812,0,800,0,0,0,0,0,0,10,8,0,8,8,False,1,False,0,0,8,0,2,6,0,0,2097152,1048576,393216,37170,39214,418658,614,608,812,800
classic_route_3,40,20,800,5,5,3,2,880,0,800,0,74,0,0,0,0,25,21,0,21,21,False,1,False,0,0,19,0,2,6,0,0,2097152,1048576,393216,47354,49400,418658,663,608,880,800
classic_route_4,40,20,800,5,5,3,2,944,0,800,0,144,0,0,0,0,18,11,0,11,11,False,1,False,0,0,11,0,2,6,0,0,2097152,1048576,393216,55507,57541,418658,696,608,944,800
classic_route_5,40,20,800,5,5,3,2,812,0,800,0,0,0,0,0,0,10,8,0,8,8,False,1,False,0,0,8,0,2,6,0,0,2097152,1048576,393216,37170,39214,418658,614,608,812,800
classic_route_6,40,20,800,5,5,3,2,812,0,800,0,0,0,0,0,0,10,8,0,8,8,False,1,False,0,0,8,0,2,6,0,0,2097152,1048576,393216,37170,39214,418658,614,608,812,800
classic_route_7,40,20,800,5,5,3,2,816,0,800,0,4,0,0,0,0,11,16,0,16,16,False,1,False,0,0,16,0,2,6,0,0,2097152,1048576,393216,37520,39564,418658,616,608,816,800
classic_route_8,40,20,800,5,5,3,2,936,0,800,0,124,0,0,0,0,17,28,0,28,28,False,1,False,0,0,26,0,2,6,0,0,2097152,1048576,393216,51446,53493,418228,712,608,936,800
classic_steamshore_city,40,20,800,5,7,3,2,1152,26,800,26,242,0,0,0,0,113,96,7,96,96,False,8,False,0,0,74,0,2,6,3,2,2097152,1048576,589824,73360,80385,426868,880,634,1178,826
classic_stormpeak_city,40,20,800,5,6,3,2,1059,0,800,0,179,0,0,0,0,120,95,0,95,95,False,1,False,0,0,66,0,2,6,0,0,2097152,1048576,393216,59998,61905,417454,795,608,1059,800
classic_thornwood_city,40,20,800,5,7,3,2,832,0,800,0,8,0,0,0,0,11,16,0,16,16,False,1,False,0,0,16,0,2,6,0,0,2097152,1048576,393216,37982,40038,418658,627,608,832,800
classic_umbrastar_city,40,20,800,5,4,3,2,806,0,800,0,0,0,0,0,0,7,8,0,8,8,False,1,False,0,0,8,0,2,6,0,0,2097152,1048576,393216,37064,39108,418658,614,608,806,800
classic_valorhold_city,40,20,800,5,6,3,2,1320,84,800,84,467,0,0,0,0,105,57,32,62,57,False,33,False,0,0,48,0,2,6,4,1,2097152,1048576,655360,108298,110282,444138,1080,692,1404,884
cotton_cafe,12,12,144,4,3,3,1,202,17,144,17,47,0,0,0,0,43,147,16,147,147,False,17,False,0,0,147,0,1,1,1,1,1048576,262144,131072,20108,26214,78207,219,161,219,161
cotton_cafe_basement,12,12,144,4,5,3,1,221,10,144,10,62,0,0,0,0,24,48,3,48,48,False,4,False,0,0,48,0,1,1,1,1,1048576,262144,131072,26553,32655,81379,231,154,231,154
cotton_cathedral,13,11,143,4,6,3,1,181,5,143,5,34,0,0,0,0,33,125,3,125,125,False,4,False,0,0,125,0,1,1,1,1,1048576,262144,131072,16525,22625,76312,186,148,186,148
cotton_daycare,12,9,108,4,5,3,1,222,7,108,7,62,0,0,0,0,54,45,17,93,45,False,18,False,0,0,45,0,1,1,1,1,1048576,262144,131072,13433,19535,59965,229,115,229,115
cotton_misa_house,9,7,63,4,10,3,1,90,4,63,4,26,0,0,0,0,38,275,12,276,256,True,13,False,1,0,275,0,1,1,1,1,1048576,131072,131072,13210,19310,37097,94,67,94,67
cotton_misa_house_upstairs,9,7,63,4,4,3,1,78,0,63,0,14,0,0,0,0,16,178,0,178,178,False,1,False,0,0,178,0,1,1,0,0,1048576,131072,65536,14599,17651,33992,78,63,78,63
cotton_scoop,13,11,143,4,5,3,1,206,14,143,14,47,0,0,0,0,44,73,34,94,73,False,35,False,0,0,73,0,1,1,1,1,1048576,262144,131072,28507,34609,79463,220,157,220,157
cotton_town,40,40,1600,4,45,3,1,2415,195,1600,195,489,0,32,17,4,208,176,41,178,176,False,42,False,0,0,113,8,4,9,8,4,4194304,1048576,1114112,185063,199969,872558,1051,710,2321,1615
cotton_underground,40,40,1600,4,7,3,1,1934,0,1600,0,330,0,0,0,0,15,6,0,6,6,False,1,False,0,0,6,0,4,9,0,0,4194304,1048576,589824,234616,241668,831214,800,608,1767,1440
dojo1,24,12,288,4,3,3,1,329,17,288,17,41,0,0,0,2,43,40,14,49,41,False,15,False,0,0,41,0,1,2,2,1,1048576,524288,262144,32301,36159,157769,346,305,346,305
dojo2,24,12,288,4,3,3,1,251,1,204,1,33,0,0,0,0,21,25,4,25,26,False,5,False,0,0,26,0,1,2,1,1,1048576,524288,196608,41730,46325,110215,252,205,252,205
dojo3,24,12,288,4,2,3,1,250,0,204,0,32,0,0,0,0,19,24,0,24,25,False,1,False,0,0,25,0,1,2,0,0,1048576,524288,131072,40699,42246,108050,250,204,250,204
downstairs_test,9,7,63,4,3,3,1,99,4,63,4,33,0,0,0,0,43,477,25,490,256,True,26,False,1,0,477,0,1,1,1,1,1048576,131072,131072,10032,16132,37379,103,67,103,67
dragonscave,20,40,800,5,3,3,2,864,605,800,605,61,0,0,0,0,40,20,15,21,20,False,16,False,0,0,16,0,2,6,6,2,2097152,1048576,786432,219928,224309,668030,720,684,1321,1262
dryadsgrove,40,20,800,4,9,3,1,1211,38,800,38,388,0,0,0,0,44,50,3,50,50,False,4,False,0,0,48,0,2,6,5,2,2097152,1048576,720896,112261,117171,431335,937,640,1249,838
eclipse_crystal_bank1,14,21,294,4,0,3,1,489,1,294,1,79,0,0,0,0,61,82,3,82,83,False,4,False,0,0,83,0,1,2,1,1,1048576,524288,196608,38484,43572,137357,457,267,490,295
eclipse_crystal_bank2,14,21,294,4,0,3,1,473,0,294,0,71,0,0,0,0,102,122,0,122,123,False,1,False,0,0,119,0,1,2,0,0,1048576,524288,131072,41378,43418,133050,438,266,473,294
eclipse_crystal_bank3,14,21,294,4,0,3,1,501,22,294,22,127,0,0,0,0,76,78,17,80,79,False,18,False,0,0,58,0,1,2,2,1,1048576,524288,262144,45361,49431,137852,491,288,523,316
eclipse_crystal_center,13,11,143,4,0,3,1,177,5,143,5,30,0,0,0,0,31,114,3,114,114,False,4,False,0,0,114,0,1,1,1,1,1048576,262144,131072,16281,22381,76312,182,148,182,148
eclipse_crystal_town,40,20,800,4,0,3,1,1316,13,800,13,266,0,19,4,0,128,100,7,100,100,False,8,False,0,0,65,5,2,6,2,2,2097152,1048576,524288,114678,122464,418631,977,621,1329,813
eclipse_crystal_town_cafe,12,12,144,4,0,3,1,184,13,144,13,36,0,0,0,0,38,72,13,73,72,False,14,False,0,0,72,0,1,1,1,1,1048576,262144,131072,23013,29117,78048,197,157,197,157
eclipse_crystal_town_house,9,8,72,4,0,3,1,101,4,72,4,23,0,0,0,0,34,113,11,118,113,False,12,False,0,0,113,0,1,1,1,1,1048576,131072,131072,9471,15571,42335,105,76,105,76
eclipse_lion_mountain_high,40,40,1600,4,0,3,1,2055,0,1600,0,454,0,36,1,0,43,58,0,58,58,False,1,False,0,0,46,3,4,9,0,0,4194304,1048576,589824,238209,244999,819112,808,608,1805,1440
eclipse_lion_mountain_low,40,20,800,4,0,3,1,1103,0,800,0,300,0,42,3,0,47,73,0,73,73,False,1,False,0,0,53,4,2,6,0,0,2097152,1048576,393216,113642,115585,413879,838,608,1103,800
eclipse_lion_mountain_middle,40,40,1600,4,0,3,1,2173,0,1600,0,570,0,20,4,0,76,57,0,57,58,False,1,False,0,0,41,3,4,9,0,0,4194304,1048576,589824,240070,246674,816872,866,608,1941,1440
eclipse_obsidian_center,13,11,143,4,0,3,1,177,5,143,5,30,0,0,0,0,31,114,3,114,114,False,4,False,0,0,114,0,1,1,1,1,1048576,262144,131072,16281,22381,76312,182,148,182,148
eclipse_obsidian_town,40,20,800,4,0,3,1,1167,0,800,0,93,0,0,0,0,67,65,0,65,65,False,1,False,0,0,58,0,2,6,0,0,2097152,1048576,393216,68224,70207,417453,900,608,1167,800
eclipse_obsidian_town_house,9,8,72,4,0,3,1,91,0,72,0,14,0,0,0,0,12,28,0,28,28,False,1,False,0,0,28,0,1,1,0,0,1048576,131072,65536,7854,10906,38764,91,72,91,72
eclipse_park,40,40,1600,4,0,3,1,2958,0,1600,0,1068,0,76,12,0,102,132,0,132,132,False,1,False,0,0,75,8,4,9,0,0,4194304,1048576,589824,281549,288380,827731,1172,608,2667,1440
eclipse_park_cabin,10,6,60,4,0,3,1,75,0,60,0,14,0,0,0,0,16,34,0,34,34,False,1,False,0,0,34,0,1,1,0,0,1048576,131072,65536,12431,15481,32644,75,60,75,60
eclipse_park_cave,35,13,455,4,0,3,1,876,0,455,0,190,0,0,0,0,16,13,0,13,13,False,1,False,0,0,13,0,2,3,0,0,2097152,524288,196608,71113,76122,237640,806,416,876,455
eclipse_park_entrance,10,10,100,4,0,3,1,146,0,100,0,36,0,0,0,0,19,23,0,23,23,False,1,False,0,0,23,0,1,1,0,0,1048576,262144,65536,11968,15020,52974,146,100,146,100
eclipse_park_south,60,40,2400,4,0,3,1,4208,6,2400,6,1793,0,0,0,0,59,72,5,72,72,False,6,False,0,0,54,0,4,12,2,2,4194304,1048576,917504,416897,426850,1248466,1177,613,3795,2166
eclipse_route7,40,40,1600,4,0,3,1,2967,1,1600,1,1295,0,14,5,0,40,75,1,75,75,False,2,False,0,0,53,5,4,9,1,1,4194304,1048576,655360,291914,302037,831139,1157,609,2664,1441
eclipse_routef,40,20,800,4,0,3,1,1665,0,800,0,546,0,0,0,0,44,43,0,43,43,False,1,False,0,0,29,0,2,6,0,0,2097152,1048576,393216,119472,121329,418645,1281,608,1665,800
eclipse_routeg,40,40,1600,4,0,3,1,2537,6,1600,6,805,0,17,9,0,63,60,6,60,61,False,7,False,0,0,52,4,4,9,1,1,4194304,1048576,655360,166287,175613,833791,1082,614,2272,1446
eclipse_routeh,40,40,1600,4,0,3,1,2591,0,1600,0,970,0,0,0,0,50,55,0,55,55,False,1,False,0,0,47,0,4,9,0,0,4194304,1048576,589824,194907,201648,831048,987,608,2305,1440
eclipse_routei,40,40,1600,4,0,3,1,2678,0,1600,0,742,0,0,0,0,85,113,0,113,113,False,1,False,0,0,68,0,4,9,0,0,4194304,1048576,589824,251302,258079,827426,1128,608,2391,1440
flower_city,40,40,1600,4,17,3,1,2097,328,1600,328,247,0,10,8,0,222,125,77,143,125,False,78,False,0,0,67,5,4,9,9,4,4194304,1048576,1179648,168449,182479,949847,954,762,2150,1720
gadget_store1,20,13,260,4,1,3,1,261,1,260,1,1,0,0,0,0,7,33,22,51,33,False,23,False,0,0,33,0,1,2,1,1,1048576,524288,196608,26344,31352,138417,262,261,262,261
gaming_hall,19,16,304,4,0,3,1,493,6,304,6,67,0,0,0,4,57,176,16,176,177,False,17,False,0,0,172,0,1,2,1,1,1048576,524288,196608,41657,46636,161526,499,310,499,310
healing_center,13,11,143,4,12,3,1,177,5,143,5,30,0,0,0,0,31,114,3,114,114,False,4,False,0,0,114,0,1,1,1,1,1048576,262144,131072,16281,22381,76312,182,148,182,148
leather_scoop,13,11,143,4,4,3,1,214,9,143,9,55,0,0,0,0,43,80,23,98,80,False,24,False,0,0,80,0,1,1,1,1,1048576,262144,131072,26587,32685,77502,223,152,223,152
leather_shaft1,15,15,225,4,1,3,1,281,23,225,23,38,0,0,0,0,49,63,22,66,63,False,23,False,0,0,63,0,1,1,1,1,1048576,262144,131072,28026,34132,127815,304,248,304,248
leather_shaft2,10,10,100,4,1,3,1,151,4,100,4,38,0,0,0,0,51,59,17,64,59,False,18,False,0,0,59,0,1,1,1,1,1048576,262144,131072,16394,22496,55785,155,104,155,104
leather_town,40,40,1600,4,23,3,1,2593,97,1600,97,502,0,21,10,0,322,187,56,189,187,False,57,False,0,0,95,9,4,9,7,4,4194304,1048576,1048576,176599,192061,869362,1207,662,2441,1532
manhattan_beach,30,40,1200,4,9,3,1,1600,0,1200,0,89,0,643,1,5,27,50,0,50,50,False,1,False,0,0,38,3,2,6,0,0,2097152,1048576,393216,113524,114438,622827,781,570,1446,1080
mansion,18,18,324,4,10,3,1,605,3,324,3,104,0,0,0,0,69,73,3,73,73,False,4,False,0,0,71,0,1,4,2,1,1048576,1048576,393216,42554,44275,177438,608,327,608,327
mansion_basement,24,22,528,4,3,3,1,775,4,496,4,72,0,0,0,0,49,53,4,53,54,False,5,False,0,0,42,0,1,4,2,1,1048576,1048576,393216,76096,78036,265636,700,439,779,500
mansion_top,23,19,437,5,3,3,2,663,1,437,1,47,0,0,0,0,51,46,4,46,46,False,5,False,0,0,34,0,1,4,1,1,1048576,1048576,327680,72561,75608,233181,664,438,664,438
maple_bedroom,9,7,63,4,0,3,1,84,2,63,2,19,0,0,0,0,26,177,2,174,177,False,3,False,0,0,177,0,1,1,1,1,1048576,131072,131072,8744,14844,36180,86,65,86,65
maple_house,13,11,143,4,8,3,1,187,3,143,3,41,0,0,0,0,46,454,5,454,256,True,6,False,1,0,454,0,1,1,1,1,1048576,262144,131072,18131,24233,77590,190,146,190,146
omnichannel0,14,21,294,4,3,3,1,451,0,294,0,7,0,0,0,0,21,15,0,15,15,False,1,False,0,0,15,0,1,2,0,0,1048576,524288,131072,19107,21149,153942,419,266,451,294
omnichannel1,14,21,294,4,6,3,1,432,0,294,0,9,0,0,0,0,27,16,0,16,16,False,1,False,0,0,16,0,1,2,0,0,1048576,524288,131072,21570,23612,153942,398,266,432,294
omnichannel2,14,21,294,4,5,3,1,430,0,294,0,9,0,0,0,0,25,16,0,16,16,False,1,False,0,0,16,0,1,2,0,0,1048576,524288,131072,20556,22598,153942,396,266,430,294
omnichannel3,14,21,294,4,5,3,1,429,0,294,0,9,0,0,0,0,25,16,0,16,16,False,1,False,0,0,16,0,1,2,0,0,1048576,524288,131072,21664,23706,153942,397,266,429,294
omnichannel4,14,21,294,4,3,3,1,423,0,294,0,8,0,0,0,0,21,16,0,16,16,False,1,False,0,0,16,0,1,2,0,0,1048576,524288,131072,19957,21999,153942,391,266,423,294
player_house_bedroom,9,7,63,4,0,3,1,91,4,63,4,24,0,0,0,0,33,301,12,311,256,True,13,False,1,0,301,0,1,1,1,1,1048576,131072,131072,12273,18375,36572,95,67,95,67
player_house_downstairs,9,7,63,4,18,3,1,100,1,63,1,34,0,0,0,0,41,477,22,487,256,True,23,False,1,0,477,0,1,1,1,1,1048576,131072,131072,9292,15392,36249,101,64,101,64
professor_lab,13,18,234,5,35,3,2,295,14,234,14,55,0,0,0,0,49,185,14,185,185,False,15,False,0,0,99,0,1,2,2,1,1048576,524288,262144,30491,34563,127705,309,248,309,248
route1,59,42,2478,4,55,3,1,4146,784,2478,784,1271,0,7,4,0,150,89,10,89,89,False,11,False,0,0,55,3,4,12,12,4,4194304,1048576,1572864,340007,347336,1372373,1422,951,4275,2826
route1_sanglorian,40,20,800,4,19,3,1,1742,16,800,16,629,0,8,4,0,22,36,4,36,36,False,5,False,0,0,29,3,2,6,2,1,2097152,1048576,524288,137056,141115,424315,1302,624,1758,816
route2,40,20,800,4,50,3,1,1251,21,800,21,397,0,0,0,0,42,36,26,54,36,False,27,False,0,0,35,0,2,6,3,2,2097152,1048576,589824,93033,100244,432808,991,629,1272,821
route3,40,40,1600,4,14,3,1,2452,20,1600,20,708,0,12,8,6,131,132,29,136,132,False,30,False,0,0,72,6,4,9,4,3,4194304,1048576,851968,158004,172306,846708,1014,625,2236,1460
route4,20,40,800,4,7,3,1,1312,0,800,0,488,0,6,5,0,18,34,0,34,34,False,1,False,0,0,32,3,2,6,0,0,2097152,1048576,393216,101671,103697,418676,662,380,1181,720
route5,40,20,800,5,5,3,2,1547,296,800,294,412,2,0,0,0,42,16,20,33,16,False,21,False,0,0,16,0,2,6,6,2,2097152,1048576,786432,164645,168829,540941,1460,786,1843,1094
route6,40,20,800,4,19,3,1,1129,0,800,0,321,0,0,0,0,43,34,0,34,34,False,1,False,0,0,30,0,2,6,0,0,2097152,1048576,393216,80513,82361,418658,846,608,1129,800
routea,20,40,800,4,8,3,1,1224,83,800,83,300,0,6,6,0,104,57,38,66,57,False,39,False,0,0,47,5,2,6,2,1,2097152,1048576,524288,106959,110647,458370,665,463,1206,803
routec,40,20,800,4,2,3,1,961,0,800,0,137,0,0,0,0,37,22,0,22,22,False,1,False,0,0,20,0,2,6,0,0,2097152,1048576,393216,48664,50634,417423,727,608,961,800
rubberduck_cave_01,80,71,5680,5,6,3,2,5779,1954,5679,1940,99,8,0,0,0,69,54,6,55,55,False,7,False,0,0,23,0,9,25,21,7,9437184,1048576,3014656,1100761,1119879,3826461,1209,1204,3572,3513
rubberduck_city_01,70,59,4130,5,19,3,2,6155,651,4130,651,1545,0,6,6,0,325,180,56,181,180,False,57,False,0,0,82,1,6,20,19,6,6291456,1048576,2555904,489142,496931,2256358,1230,799,3878,2650
rubberduck_route_01,46,53,2438,5,13,3,2,3792,703,2438,679,1025,24,0,0,0,153,81,36,92,81,False,37,False,0,0,58,0,4,12,12,4,4194304,1048576,1572864,354548,362099,1444816,1353,875,3271,2205
russell_practice_1,20,21,420,4,0,2,2,558,216,420,144,138,72,0,0,0,14,32,8,32,32,False,9,False,0,0,29,0,1,4,4,1,1048576,1048576,524288,64689,65153,278964,694,504,774,564
scoop1,21,15,315,4,3,3,1,471,8,315,8,156,0,0,0,0,22,165,3,165,165,False,4,False,0,0,164,0,1,2,2,1,1048576,524288,262144,56563,60578,168228,479,323,479,323
scoop2,8,5,40,4,4,3,1,43,0,35,0,8,0,0,0,0,16,130,0,130,131,False,1,False,0,0,131,0,1,1,0,0,1048576,65536,65536,5316,8366,19694,43,35,43,35
scoop3,12,12,144,4,3,3,1,190,11,144,11,40,0,0,0,0,26,149,2,149,150,False,3,False,0,0,150,0,1,1,1,1,1048576,262144,131072,20710,26812,77820,201,155,201,155
scoop4,12,22,264,4,3,3,1,350,0,264,0,80,0,0,0,0,29,137,0,137,137,False,1,False,0,0,118,0,1,2,0,0,1048576,524288,131072,58068,60108,137876,305,228,350,264
sphalian_center,13,11,143,4,6,3,1,178,6,143,6,31,0,0,0,0,33,112,9,112,112,False,10,False,0,0,112,0,1,1,1,1,1048576,262144,131072,16549,22649,76500,184,149,184,149
sphalian_town,23,25,575,4,6,3,1,1004,1,575,1,114,0,0,0,0,71,77,7,77,77,False,8,False,0,0,59,0,1,4,1,1,1048576,1048576,327680,63274,66188,302010,782,438,1005,576
sphalian_town_house,11,9,99,4,3,3,1,101,12,63,12,33,0,0,0,0,44,355,31,381,256,True,32,False,1,0,356,0,1,1,1,1,1048576,262144,131072,12881,18979,41753,113,75,113,75
spyder_bedroom,9,7,63,4,0,3,1,97,4,63,4,26,0,0,0,0,39,352,12,358,256,True,13,False,1,0,352,0,1,1,1,1,1048576,131072,131072,12488,18590,36817,101,67,101,67
spyder_brideswood,40,40,1600,4,7,3,1,2752,538,1600,538,1152,0,0,0,0,13,17,3,17,17,False,4,False,0,0,17,0,4,9,9,4,4194304,1048576,1179648,254638,268939,885083,1306,850,2986,1940
spyder_candy_cafe,12,12,144,4,0,3,1,192,11,144,11,41,0,0,0,0,47,82,23,93,82,False,24,False,0,0,82,0,1,1,1,1,1048576,262144,131072,25400,31502,78177,203,155,203,155
spyder_candy_center,20,11,220,4,0,3,1,315,9,220,9,44,0,0,0,0,55,50,9,52,50,False,10,False,0,0,50,0,1,2,2,1,1048576,524288,262144,23904,27883,99709,324,229,324,229
spyder_candy_hospital1,20,20,400,4,45,3,1,522,4,400,4,100,0,0,0,0,90,56,6,58,56,False,7,False,0,0,51,0,1,4,1,1,1048576,1048576,327680,45950,48830,182895,502,384,526,404
spyder_candy_hospital2,20,20,400,4,38,3,1,545,6,400,6,119,0,0,0,0,100,62,13,64,62,False,14,False,0,0,48,0,1,4,1,1,1048576,1048576,327680,45851,48742,184797,531,386,551,406
spyder_candy_hospital3,12,20,240,4,16,3,1,268,12,240,12,24,0,0,0,0,37,51,15,54,51,False,16,False,0,0,42,0,1,2,1,1,1048576,524288,196608,29148,34238,128642,264,240,280,252
spyder_candy_house1,10,8,80,4,16,3,1,105,8,80,8,22,0,0,0,0,33,60,10,64,60,False,11,False,0,0,60,0,1,1,1,1,1048576,131072,131072,13786,19886,45190,113,88,113,88
spyder_candy_house2,10,8,80,4,7,3,1,133,0,80,0,41,0,0,0,1,34,53,0,53,53,False,1,False,0,0,53,0,1,1,0,0,1048576,131072,65536,7484,10536,41741,133,80,133,80
spyder_candy_house3,10,8,80,4,10,3,1,123,10,80,10,29,0,0,0,0,54,77,23,81,77,False,24,False,0,0,77,0,1,1,1,1,1048576,131072,131072,12118,18218,46592,133,90,133,90
spyder_candy_inn1,15,16,240,4,0,3,1,282,16,209,16,62,0,0,0,0,59,173,11,174,174,False,12,False,0,0,174,0,1,1,1,1,1048576,262144,131072,39123,45231,111323,298,225,298,225
spyder_candy_inn2,15,16,240,4,0,3,1,263,0,212,0,46,0,0,0,0,38,167,0,167,168,False,1,False,0,0,168,0,1,1,0,0,1048576,262144,65536,35276,38334,109493,263,212,263,212
spyder_candy_port,40,20,800,4,0,3,1,1148,9,800,9,301,0,6,5,0,91,51,3,51,51,False,4,False,0,0,41,3,2,6,2,1,2097152,1048576,524288,87224,91133,426498,930,617,1157,809
spyder_candy_scoop,13,11,143,4,9,3,1,209,14,143,14,50,0,0,0,0,46,78,34,99,78,False,35,False,0,0,78,0,1,1,1,1,1048576,262144,131072,28636,34736,79590,223,157,223,157
spyder_candy_town,40,40,1600,4,54,3,1,2253,121,1600,121,426,0,25,17,65,267,154,54,158,154,False,55,False,0,0,101,7,4,9,6,3,4194304,1048576,983040,161918,174059,863326,940,688,2110,1561
spyder_citypark,40,40,1600,4,73,3,1,2646,6,1600,6,950,0,62,9,20,98,98,17,101,98,False,18,False,0,0,53,7,4,9,3,1,4194304,1048576,786432,202576,210719,837681,1033,614,2351,1446
spyder_citypark_house1,10,8,80,4,5,3,1,111,0,80,0,27,0,0,0,0,31,115,0,115,115,False,1,False,0,0,115,0,1,1,0,0,1048576,131072,65536,10652,13704,42614,111,80,111,80
spyder_cotton_artshop,22,11,242,4,32,3,1,253,3,226,3,9,0,0,0,0,43,2701,14,2713,256,True,15,False,2,0,1588,0,1,2,1,1,1048576,524288,196608,27637,32701,121841,256,229,256,229
spyder_cotton_cafe,12,12,144,4,26,3,1,199,17,144,17,42,0,0,0,0,41,126,16,126,126,False,17,False,0,0,126,0,1,1,1,1,1048576,262144,131072,20136,26242,78326,216,161,216,161
spyder_cotton_house1,10,8,80,4,6,3,1,111,0,80,0,28,0,0,0,0,32,254,0,254,254,False,1,False,0,0,254,0,1,1,0,0,1048576,131072,65536,10088,13140,42854,111,80,111,80
spyder_cotton_house2,10,8,80,4,8,3,1,126,0,80,0,33,0,0,0,0,38,96,0,96,96,False,1,False,0,0,96,0,1,1,0,0,1048576,131072,65536,14833,17885,42637,126,80,126,80
spyder_cotton_scoop,13,11,143,4,14,3,1,209,14,143,14,50,0,0,0,0,46,78,34,99,78,False,35,False,0,0,78,0,1,1,1,1,1048576,262144,131072,28636,34736,79590,223,157,223,157
spyder_cotton_town,40,40,1600,4,52,3,1,2405,182,1600,182,467,0,28,17,105,216,172,41,174,172,False,42,False,0,0,96,9,4,9,9,4,4194304,1048576,1179648,182697,196364,872203,1052,709,2310,1604
spyder_cotton_tunnel,40,20,800,4,0,3,1,1503,0,800,0,319,0,0,0,0,18,7,0,7,7,False,1,False,0,0,6,0,2,6,0,0,2097152,1048576,393216,126715,128679,418658,1141,608,1503,800
spyder_datacenter,20,20,400,4,53,3,1,526,0,400,0,83,0,0,0,0,23,25,0,25,26,False,1,False,0,0,24,0,1,4,0,0,1048576,1048576,262144,44365,44252,210009,506,380,526,400
spyder_diamond_hill,20,60,1200,4,0,3,1,1690,0,1200,0,458,0,18,8,0,36,40,0,40,40,False,1,False,0,0,38,6,2,8,0,0,2097152,1048576,524288,131001,130632,625978,626,380,1100,720
spyder_dojo1,24,12,288,4,0,3,1,337,9,288,9,41,0,0,0,2,46,61,5,62,62,False,6,False,0,0,58,0,1,2,2,1,1048576,524288,262144,31093,34983,154739,346,297,346,297
spyder_dojo2,24,12,288,4,23,3,1,251,1,204,1,33,0,0,0,0,21,25,4,25,26,False,5,False,0,0,26,0,1,2,1,1,1048576,524288,196608,41730,46325,110215,252,205,252,205
spyder_dojo3,24,12,288,4,23,3,1,251,1,204,1,33,0,0,0,0,21,25,4,25,26,False,5,False,0,0,26,0,1,2,1,1,1048576,524288,196608,41730,46325,110215,252,205,252,205
spyder_dojo4,24,12,288,4,13,3,1,238,0,204,0,32,0,0,0,0,19,24,0,24,25,False,1,False,0,0,25,0,1,2,0,0,1048576,524288,131072,40699,42246,108050,238,204,238,204
spyder_downstairs,9,7,63,4,14,3,1,99,4,63,4,33,0,0,0,0,43,477,25,490,256,True,26,False,1,0,477,0,1,1,1,1,1048576,131072,131072,10032,16132,37379,103,67,103,67
spyder_dragonscave,20,40,800,5,38,3,2,875,593,800,593,75,0,0,0,0,22,16,5,16,16,False,6,False,0,0,13,0,2,6,6,2,2097152,1048576,786432,215228,219445,655108,719,683,1321,1264
spyder_dryadsgrove,40,40,1600,4,105,3,1,2297,183,1600,183,678,0,0,0,0,91,76,13,79,76,False,14,False,0,0,52,0,4,9,8,4,4194304,1048576,1114112,192892,208284,861530,1005,707,2248,1623
spyder_flower_center,13,11,143,4,0,3,1,177,5,143,5,30,0,0,0,0,31,114,3,114,114,False,4,False,0,0,114,0,1,1,1,1,1048576,262144,131072,16281,22381,76312,182,148,182,148
spyder_flower_city,40,40,1600,4,76,3,1,2265,228,1600,228,447,0,9,8,101,227,131,67,153,131,False,68,False,0,0,66,4,4,9,8,3,4194304,1048576,1114112,175029,184994,926542,992,731,2211,1608
spyder_flower_house1,10,8,80,4,0,3,1,132,0,80,0,38,0,0,0,0,33,48,0,48,48,False,1,False,0,0,48,0,1,1,0,0,1048576,131072,65536,7316,10368,42271,132,80,132,80
spyder_flower_house2,10,8,80,4,0,3,1,111,1,80,1,24,0,0,0,0,25,203,7,205,203,False,8,False,0,0,203,0,1,1,1,1,1048576,131072,131072,16540,22640,45331,112,81,112,81
spyder_flower_petshop,14,9,126,5,0,3,2,166,4,126,4,36,0,0,0,0,45,75,4,75,76,False,5,False,0,0,76,0,1,1,1,1,1048576,262144,131072,27134,33232,63103,170,130,170,130
spyder_flower_scoop,13,11,143,4,0,3,1,209,14,143,14,50,0,0,0,0,46,78,34,99,78,False,35,False,0,0,78,0,1,1,1,1,1048576,262144,131072,28636,34736,79590,223,157,223,157
spyder_greenwash,16,32,512,4,25,3,1,676,9,512,9,96,0,0,0,0,106,141,7,141,142,False,8,False,0,0,123,0,1,2,1,1,1048576,524288,196608,92590,97684,249216,433,313,685,521
spyder_greenwash_greenhouse,32,16,512,5,39,3,2,850,93,512,74,299,19,0,0,0,58,59,33,66,59,False,34,False,0,0,49,0,1,2,2,1,1048576,524288,262144,60056,64298,285870,943,586,943,586
spyder_greenwash_level2,16,32,512,4,49,3,1,707,58,512,58,19,0,0,0,0,88,30,54,76,31,False,55,False,0,0,30,0,1,2,2,1,1048576,524288,262144,78743,82823,231606,470,350,765,570
spyder_greenwash_level3,16,14,224,4,0,3,1,331,4,224,4,40,0,0,0,4,69,66,9,66,67,False,10,False,0,0,67,0,1,1,1,1,1048576,262144,131072,30624,36726,97259,335,228,335,228
spyder_healing_center,13,11,143,4,0,3,1,177,5,143,5,30,0,0,0,0,31,114,3,114,114,False,4,False,0,0,114,0,1,1,1,1,1048576,262144,131072,16281,22381,76312,182,148,182,148
spyder_leather_center,13,11,143,4,0,3,1,177,5,143,5,30,0,0,0,0,31,114,3,114,114,False,4,False,0,0,114,0,1,1,1,1,1048576,262144,131072,16281,22381,76312,182,148,182,148
spyder_leather_gym,25,11,275,4,0,3,1,424,5,275,5,129,0,0,0,0,102,50,4,50,50,False,5,False,0,0,39,0,1,2,1,1,1048576,524288,196608,40970,45941,144946,429,280,429,280
spyder_leather_house1,10,8,80,4,6,3,1,120,4,80,4,33,0,0,0,0,33,54,8,60,54,False,9,False,0,0,54,0,1,1,1,1,1048576,131072,131072,11977,18079,45507,124,84,124,84
spyder_leather_house2,10,8,80,4,8,3,1,111,0,80,0,27,0,0,0,0,32,156,0,156,156,False,1,False,0,0,156,0,1,1,0,0,1048576,131072,65536,9227,12279,42559,111,80,111,80
spyder_leather_museum,30,11,330,5,0,3,2,354,10,303,10,40,0,0,0,0,57,89,28,107,90,False,29,False,0,0,65,0,1,2,2,1,1048576,524288,262144,33777,37812,164468,364,313,364,313
spyder_leather_scoop,13,11,143,4,9,3,1,214,10,143,10,55,0,0,0,0,43,80,23,98,80,False,24,False,0,0,80,0,1,1,1,1,1048576,262144,131072,26684,32784,77755,224,153,224,153
spyder_leather_shaft1,15,15,225,4,8,3,1,281,23,225,23,38,0,0,0,0,49,63,22,66,63,False,23,False,0,0,63,0,1,1,1,1,1048576,262144,131072,28026,34132,127815,304,248,304,248
spyder_leather_shaft2,10,10,100,4,7,3,1,151,4,100,4,38,0,0,0,0,51,59,17,64,59,False,18,False,0,0,59,0,1,1,1,1,1048576,262144,131072,16394,22496,55785,155,104,155,104
spyder_leather_town,40,40,1600,5,58,3,2,2529,118,1600,118,505,0,19,10,240,331,185,70,206,185,False,71,False,0,0,118,9,4,9,8,3,4194304,1048576,1114112,183366,193705,879043,1223,670,2397,1556
spyder_mansion,18,18,324,4,38,3,1,634,3,324,3,133,0,0,0,0,78,80,3,80,80,False,4,False,0,0,78,0,1,4,2,1,1048576,1048576,393216,39810,41531,177438,637,327,637,327
spyder_mansion_basement,24,22,528,4,33,3,1,775,4,496,4,72,0,0,0,0,49,53,4,53,54,False,5,False,0,0,42,0,1,4,2,1,1048576,1048576,393216,76096,78036,265636,700,439,779,500
spyder_mansion_top,23,19,437,5,32,3,2,671,1,437,1,56,0,0,0,0,52,159,4,160,159,False,5,False,0,0,128,0,1,4,1,1,1048576,1048576,327680,79643,82688,233181,672,438,672,438
spyder_nimrod_bottom,18,20,360,4,29,3,1,597,7,360,7,92,0,0,0,0,68,55,14,55,55,False,15,False,0,0,35,0,1,4,2,1,1048576,1048576,393216,36870,38751,197383,586,349,604,367
spyder_nimrod_middle,18,20,360,4,38,3,1,459,22,360,22,51,0,0,0,0,26,43,5,43,43,False,6,False,0,0,33,0,1,4,2,1,1048576,1048576,393216,26477,28387,198439,463,364,481,382
spyder_nimrod_room,9,7,63,4,0,3,1,108,0,63,0,22,0,0,0,0,19,30,0,30,30,False,1,False,0,0,30,0,1,1,0,0,1048576,131072,65536,4901,7953,33930,108,63,108,63
spyder_nimrod_top,18,20,360,4,23,3,1,496,9,360,9,46,0,0,0,0,52,54,17,58,54,False,18,False,0,0,52,0,1,4,2,1,1048576,1048576,393216,36588,38623,198393,487,351,505,369
spyder_omnichannel1,14,21,294,4,21,3,1,460,0,294,0,64,0,0,0,0,92,72,0,72,73,False,1,False,0,0,55,0,1,2,0,0,1048576,524288,131072,34603,36643,135355,425,266,460,294
spyder_omnichannel2,21,21,441,4,25,3,1,613,0,393,0,90,0,0,0,0,106,112,0,112,113,False,1,False,0,0,109,0,1,4,0,0,1048576,1048576,262144,50653,50134,185816,577,363,613,393
spyder_omnichannel3,14,21,294,4,15,3,1,452,0,294,0,62,0,0,0,0,87,100,0,100,101,False,1,False,0,0,86,0,1,2,0,0,1048576,524288,131072,34145,36185,135425,416,266,452,294
spyder_omnichannel4,14,21,294,4,16,3,1,500,9,294,9,126,0,0,0,0,105,102,18,108,103,False,19,False,0,0,89,0,1,2,1,1,1048576,524288,196608,35740,40830,134224,477,275,509,303
spyder_paper_daycare,14,9,126,4,0,3,1,246,7,126,7,67,0,0,0,0,52,44,17,92,44,False,18,False,0,0,44,0,1,1,1,1,1048576,262144,131072,14497,20599,69205,253,133,253,133
spyder_paper_manor,10,8,80,4,0,3,1,111,2,80,2,24,0,0,0,0,26,205,6,205,205,False,7,False,0,0,205,0,1,1,1,1,1048576,131072,131072,16375,22475,45377,113,82,113,82
spyder_paper_rival_bedroom,7,7,49,4,0,3,1,79,0,49,0,26,0,0,0,0,40,174,0,174,174,False,1,False,0,0,174,0,1,1,0,0,1048576,65536,65536,9605,12657,26983,79,49,79,49
spyder_paper_rival_downstairs,11,12,132,4,0,3,1,136,0,104,0,30,0,0,0,0,47,219,0,219,220,False,1,False,0,0,220,0,1,1,0,0,1048576,262144,65536,16418,19472,54205,136,104,136,104
spyder_paper_rival_office,7,7,49,4,0,3,1,73,4,49,4,20,0,0,0,0,35,151,9,151,151,False,10,False,0,0,151,0,1,1,1,1,1048576,65536,131072,10126,16226,29310,77,53,77,53
spyder_paper_scoop,13,11,143,5,0,3,2,168,34,143,24,21,10,0,0,0,33,136,50,183,136,False,51,False,0,0,136,0,1,1,1,1,1048576,262144,131072,27836,33938,78923,202,167,202,167
spyder_paper_town,40,20,800,5,59,3,2,1431,76,800,75,394,1,11,7,25,200,121,39,122,121,False,40,False,0,0,93,3,2,6,3,2,2097152,1048576,589824,106726,113838,442379,1132,679,1507,875
spyder_radiotower,14,21,294,4,13,3,1,351,8,294,8,37,0,0,0,0,66,42,13,45,43,False,14,False,0,0,37,0,1,2,1,1,1048576,524288,196608,46016,51104,150626,329,274,359,302
spyder_route1,40,20,800,5,28,3,2,1504,49,800,49,523,0,9,6,0,45,53,4,53,53,False,5,False,0,0,43,4,2,6,6,2,2097152,1048576,786432,129045,133253,434053,1198,649,1553,849
spyder_route2,40,20,800,5,61,3,2,1352,39,800,37,470,2,8,8,0,55,54,20,71,54,False,21,False,0,0,43,1,2,6,5,2,2097152,1048576,720896,109841,114963,434912,1040,644,1391,837
spyder_route3,40,40,1600,5,79,3,2,2440,17,1600,16,715,1,11,8,40,134,134,21,135,134,False,22,False,0,0,71,6,4,9,4,2,4194304,1048576,851968,156144,167456,844438,1005,622,2231,1456
spyder_route4,20,40,800,4,59,3,1,1278,0,800,0,470,0,6,5,0,15,29,0,29,29,False,1,False,0,0,27,3,2,6,0,0,2097152,1048576,393216,98204,100323,418676,647,380,1144,720
spyder_route5,40,20,800,5,55,3,2,1869,146,800,141,616,5,0,0,0,45,39,20,39,39,False,21,False,0,0,38,0,2,6,6,2,2097152,1048576,786432,162260,166157,469338,1665,738,2015,941
spyder_route6,40,20,800,4,63,3,1,1230,0,800,0,422,0,0,0,36,41,39,0,39,39,False,1,False,0,0,39,0,2,6,0,0,2097152,1048576,393216,92084,93808,418658,912,608,1230,800
spyder_routea,20,40,800,4,59,3,1,1304,18,800,18,342,0,6,6,0,102,58,15,66,58,False,16,False,0,0,43,5,2,6,1,1,2097152,1048576,458752,102491,107238,428188,680,398,1221,738
spyder_routeb,20,40,800,4,26,3,1,1373,1,800,1,525,0,23,8,0,61,65,1,65,65,False,2,False,0,0,65,3,2,6,1,1,2097152,1048576,458752,104275,108762,418538,671,381,1250,721
spyder_routec,40,40,1600,4,64,3,1,1954,18,1600,18,306,0,0,0,27,84,41,11,41,41,False,12,False,0,0,28,0,4,9,2,2,4194304,1048576,720896,121269,134375,837284,796,622,1750,1458
spyder_routed,40,40,1600,4,13,3,1,2430,0,1600,0,830,0,0,0,0,24,27,0,27,27,False,1,False,0,0,27,0,4,9,0,0,4194304,1048576,589824,173904,180877,831214,1216,608,2270,1440
spyder_routee,20,20,400,4,19,3,1,675,6,400,6,270,0,5,4,0,39,48,4,48,48,False,5,False,0,0,48,2,1,4,1,1,1048576,1048576,327680,57143,60041,215018,643,386,681,406
spyder_scoop1,21,15,315,4,27,3,1,471,8,315,8,156,0,0,0,0,22,165,3,165,165,False,4,False,0,0,164,0,1,2,2,1,1048576,524288,262144,56563,60578,168228,479,323,479,323
spyder_scoop2,8,5,40,4,10,3,1,43,0,35,0,8,0,0,0,0,16,130,0,130,131,False,1,False,0,0,131,0,1,1,0,0,1048576,65536,65536,5316,8366,19694,43,35,43,35
spyder_scoop3,12,12,144,4,15,3,1,193,11,144,11,43,0,0,0,0,29,151,2,151,152,False,3,False,0,0,152,0,1,1,1,1,1048576,262144,131072,20751,26853,77694,204,155,204,155
spyder_scoop4,12,22,264,5,31,3,2,350,37,264,35,80,2,0,0,0,33,137,11,137,137,False,12,False,0,0,118,0,1,2,2,1,1048576,524288,262144,65056,69126,154497,342,263,387,299
spyder_test_map,40,40,1600,4,26,3,1,1947,0,1600,0,345,0,0,0,0,38,68,0,68,68,False,1,False,0,0,44,0,4,9,0,0,4194304,1048576,589824,117222,124219,830556,723,608,1699,1440
spyder_timber_cafe,12,12,144,4,0,3,1,188,19,144,19,40,0,0,0,0,43,80,35,109,80,False,36,False,0,0,80,0,1,1,1,1,1048576,262144,131072,26990,33096,78639,207,163,207,163
spyder_timber_center,13,11,143,4,0,3,1,177,5,143,5,30,0,0,0,0,31,114,3,114,114,False,4,False,0,0,114,0,1,1,1,1,1048576,262144,131072,16281,22381,76312,182,148,182,148
spyder_timber_house,10,8,80,4,5,3,1,106,2,80,2,20,0,0,0,0,21,124,6,124,124,False,7,False,0,0,124,0,1,1,1,1,1048576,131072,131072,13933,20033,45378,108,82,108,82
spyder_timber_scoop,13,11,143,4,9,3,1,209,14,143,14,50,0,0,0,0,46,78,34,99,78,False,35,False,0,0,78,0,1,1,1,1,1048576,262144,131072,28636,34736,79590,223,157,223,157
spyder_timber_town,40,40,1600,5,45,3,2,2506,53,1600,53,502,0,17,15,319,299,175,56,182,175,False,57,False,0,0,84,5,4,9,5,2,4194304,1048576,917504,165518,175160,856152,1054,638,2304,1493
spyder_timber_walledgarden1,16,12,192,4,28,3,1,329,0,184,0,72,0,0,0,0,44,78,0,78,79,False,1,False,0,0,79,0,1,1,0,0,1048576,262144,65536,20409,23714,94653,329,184,329,184
spyder_timber_walledgarden2,16,20,320,4,26,3,1,354,2,320,2,28,0,0,0,0,37,65,6,65,66,False,7,False,0,0,51,0,1,2,1,1,1048576,524288,196608,31202,36547,168805,340,306,356,322
spyder_tunnel,20,40,800,4,32,3,1,1152,2,800,2,305,0,0,0,0,57,46,4,46,46,False,5,False,0,0,35,0,2,6,1,1,2097152,1048576,458752,80007,84380,421242,566,382,1042,722
spyder_tunnel_below,20,40,800,4,19,3,1,894,571,800,571,46,0,0,0,0,44,23,5,23,23,False,6,False,0,0,19,0,2,6,6,2,2097152,1048576,786432,220623,225006,638675,708,672,1317,1227
spyder_wayfarer_inn1,15,16,240,4,43,3,1,296,0,205,0,68,0,0,0,0,84,209,0,209,210,False,1,False,0,0,210,0,1,1,0,0,1048576,262144,65536,28833,31891,106284,296,205,296,205
spyder_wayfarer_inn2,15,16,240,5,16,3,2,253,7,205,5,35,2,0,0,0,69,131,25,132,132,False,26,False,0,0,132,0,1,1,1,1,1048576,262144,131072,30965,37073,108788,260,210,260,210
start_tuxemon,8,8,64,4,0,3,1,0,0,0,0,0,0,0,0,0,0,0,0,0,1,False,1,False,0,0,1,0,1,1,0,0,1048576,65536,0,0,0,0,0,0,0,0
taba_ba_br_1,16,16,256,4,14,3,1,224,3,224,3,0,0,0,0,0,21,15,6,15,16,False,7,False,0,0,16,0,1,1,1,1,1048576,262144,131072,24201,30372,119424,227,227,227,227
taba_ba_br_2,16,16,256,4,9,3,1,198,0,194,0,0,0,0,0,0,27,19,0,19,20,False,1,False,0,0,20,0,1,1,0,0,1048576,262144,65536,21445,24501,100904,198,194,198,194
taba_ba_br_3,16,16,256,4,9,3,1,226,2,225,2,1,0,0,0,0,13,10,6,10,11,False,7,False,0,0,11,0,1,1,1,1,1048576,262144,131072,23436,29560,119712,228,227,228,227
taba_ba_br_4,16,16,256,4,11,3,1,224,13,222,13,1,0,0,0,0,17,14,6,14,15,False,7,False,0,0,15,0,1,1,1,1,1048576,262144,131072,25026,31203,123648,237,235,237,235
taba_ba_br_master,20,20,400,4,0,3,1,379,0,327,0,28,0,0,0,0,25,18,0,18,19,False,1,False,0,0,19,0,1,4,0,0,1048576,1048576,262144,53083,52988,174388,374,322,379,327
taba_ba_br_master_foyer,14,17,238,4,4,3,1,217,0,200,0,2,0,0,0,0,15,17,0,17,18,False,1,False,0,0,18,0,1,2,0,0,1048576,524288,131072,28973,31011,106032,217,200,217,200
taba_ba_foyer,5,10,50,4,5,3,1,58,0,50,0,6,0,0,0,0,18,126,0,126,127,False,1,False,0,0,127,0,1,1,0,0,1048576,131072,65536,9875,12929,27640,58,50,58,50
taba_ba_main,19,15,285,4,30,3,1,334,2,285,2,26,0,0,0,0,53,41,5,41,42,False,6,False,0,0,40,0,1,2,1,1,1048576,524288,196608,46354,51370,151741,336,287,336,287
taba_ba_passageway_1,20,20,400,4,13,3,1,282,18,247,18,31,0,0,0,0,22,21,6,21,22,False,7,False,0,0,22,0,1,4,3,1,1048576,1048576,393216,41452,43198,147885,295,261,300,265
taba_ba_passageway_2,20,20,400,4,10,3,1,210,12,182,12,20,0,0,0,0,21,23,6,23,24,False,7,False,0,0,23,0,1,4,1,1,1048576,1048576,327680,30509,33366,109490,216,190,222,194
taba_ba_passageway_3,20,20,400,4,13,3,1,273,5,251,5,22,0,0,0,0,21,22,6,22,23,False,7,False,0,0,23,0,1,4,2,1,1048576,1048576,393216,39177,40939,142832,272,250,278,256
taba_ba_passageway_4,8,20,160,4,8,3,1,148,4,148,4,0,0,0,0,0,20,16,6,16,17,False,7,False,0,0,17,0,1,2,1,1,1048576,262144,196608,23324,28414,83378,148,148,152,152
taba_ba_stairwell_1,12,12,144,4,5,3,1,227,0,144,0,3,0,0,0,0,20,24,0,24,25,False,1,False,0,0,25,0,1,1,0,0,1048576,262144,65536,15100,18154,75184,227,144,227,144
taba_ba_stairwell_2,16,16,256,4,3,3,1,230,15,217,15,2,0,0,0,0,17,23,6,23,24,False,7,False,0,0,24,0,1,1,1,1,1048576,262144,131072,25734,31977,122088,245,232,245,232
taba_house1,9,7,63,4,15,3,1,85,1,63,1,20,0,0,0,0,26,239,4,240,239,False,5,False,0,0,239,0,1,1,1,1,1048576,131072,131072,8533,14633,36288,86,64,86,64
taba_house2,9,7,63,4,14,3,1,96,0,63,0,24,0,0,0,1,32,248,0,248,248,False,1,False,0,0,248,0,1,1,0,0,1048576,131072,65536,8267,11319,34176,96,63,96,63
taba_house2_upstairs,9,7,63,4,7,3,1,84,8,63,8,6,0,0,0,0,12,35,20,35,35,False,21,False,0,0,35,0,1,1,1,1,1048576,131072,131072,10727,16827,39802,92,71,92,71
taba_house3,12,7,84,4,11,3,1,116,12,84,12,20,0,0,0,0,26,43,11,44,43,False,12,False,0,0,43,0,1,1,1,1,1048576,131072,131072,11785,17883,47445,128,96,128,96
taba_house3_upstairs,12,7,84,4,8,3,1,118,3,84,3,14,0,0,0,0,14,31,6,31,31,False,7,False,0,0,31,0,1,1,1,1,1048576,131072,131072,11885,17987,47233,121,87,121,87
taba_house4,12,7,84,4,14,3,1,133,0,84,0,42,0,0,0,1,28,70,0,70,70,False,1,False,0,0,70,0,1,1,0,0,1048576,131072,65536,13715,16767,44702,133,84,133,84
taba_town,64,60,3840,4,72,3,1,6819,725,3840,725,2444,0,172,10,0,249,127,35,127,127,False,36,False,0,0,90,10,4,16,15,4,4194304,1048576,2031616,581021,581747,2064890,1492,900,4723,2783
tabathas,12,12,144,4,1,3,1,210,0,144,0,47,0,0,0,0,31,133,0,133,133,False,1,False,0,0,133,0,1,1,0,0,1048576,262144,65536,19955,23009,75198,210,144,210,144
test_npcs,40,40,1600,4,1,3,1,1868,0,1600,0,268,0,0,0,0,32,33,0,33,33,False,1,False,0,0,27,0,4,9,0,0,4194304,1048576,589824,106972,113934,831214,734,608,1671,1440
timber_town,40,40,1600,4,13,3,1,2520,50,1600,50,552,0,14,13,0,310,167,40,179,167,False,41,False,0,0,86,6,4,9,4,3,4194304,1048576,851968,167448,182190,855287,1005,636,2297,1490
tt_forest_route1,28,40,1120,5,1,3,2,2348,491,1120,482,814,9,26,6,0,106,60,13,60,60,False,14,False,0,0,46,3,2,6,6,2,2097152,1048576,786432,233819,237088,660799,1376,796,2545,1454
tt_paper_town,40,22,880,4,2,3,1,925,0,880,0,38,0,0,0,0,97,19,0,19,19,False,1,False,0,0,19,0,2,6,0,0,2097152,1048576,393216,85040,87067,459304,653,608,925,880
tt_searoute1,40,40,1600,5,1,3,2,2473,394,1600,300,536,94,969,15,0,203,39,48,56,39,False,49,False,0,0,31,9,4,9,7,3,4194304,1048576,1048576,210532,222187,957270,1236,766,2577,1723
tunnel,20,40,800,4,19,3,1,1145,0,800,0,307,0,0,0,0,54,40,0,40,40,False,1,False,0,0,36,0,2,6,0,0,2097152,1048576,393216,78334,79726,418676,562,380,1021,720
tunnel_below,20,40,800,4,4,3,1,894,589,800,589,46,0,0,0,0,44,23,5,23,23,False,6,False,0,0,19,0,2,6,6,2,2097152,1048576,786432,230711,235100,683158,712,676,1335,1245
tuxe_mart_taba,13,11,143,5,9,3,2,168,32,143,22,21,10,0,0,0,31,137,40,176,137,False,41,False,0,0,137,0,1,1,1,1,1048576,262144,131072,27601,33701,78410,200,165,200,165
water_cathedral,50,60,3000,4,4,3,1,4388,0,3000,0,705,0,0,0,0,101,57,0,57,58,False,1,False,0,0,37,0,4,16,0,0,4194304,1048576,1048576,270479,269786,1558197,1176,608,2800,1800
water_end_of_desert,50,40,2000,4,21,3,1,1009,0,558,0,72,0,0,0,0,42,36,0,36,37,False,1,False,0,0,24,0,4,12,0,0,4194304,1048576,458752,53336,57669,298515,445,211,952,507
water_lower_village,42,24,1008,6,44,3,3,1389,36,731,20,167,10,0,0,0,149,73,11,73,74,False,12,False,0,0,58,0,2,6,3,2,2097152,1048576,589824,101458,108825,396835,1013,516,1425,751
water_outskirts,30,30,900,6,19,3,3,822,167,438,82,94,57,0,0,0,65,36,3,36,37,False,4,False,0,0,34,0,1,4,4,1,1048576,1048576,524288,73006,72082,274319,625,331,989,520
water_river_village,20,30,600,4,21,3,1,772,44,594,44,73,0,0,0,0,142,95,17,96,96,False,18,False,0,0,83,0,1,4,4,1,1048576,1048576,524288,70055,70446,328812,532,407,816,638
water_route_grass,30,50,1500,4,48,3,1,1085,0,810,0,119,0,0,0,0,40,43,0,43,44,False,1,False,0,0,37,0,2,8,0,0,2097152,1048576,524288,109885,108860,428941,486,358,804,611
water_route_ice,30,30,900,4,51,3,1,1090,0,900,0,172,0,0,0,0,70,66,0,66,66,False,1,False,0,0,51,0,1,4,0,0,1048576,1048576,262144,130137,129763,464874,712,570,1090,900
water_snow_village,30,30,900,4,26,3,1,1261,93,900,93,155,0,0,0,0,170,93,15,100,93,False,16,False,0,0,70,0,1,4,4,1,1048576,1048576,524288,118322,117791,516020,901,633,1354,993
water_underwater,50,50,2500,3,53,2,1,316,0,316,0,0,0,0,0,0,26,36,0,36,37,False,1,False,0,0,34,0,4,16,0,0,4194304,1048576,393216,27502,37690,174266,200,200,300,300
water_volcano_path,20,20,400,4,32,3,1,520,0,384,0,99,0,0,0,0,66,55,0,55,56,False,1,False,0,0,50,0,1,4,0,0,1048576,1048576,262144,56425,56172,203339,498,364,520,384
water_volcano_village,20,30,600,4,23,3,1,768,0,600,0,103,0,0,0,0,49,53,0,53,53,False,1,False,0,0,50,0,1,4,0,0,1048576,1048576,262144,49112,48663,312976,501,380,768,600
wayfarer_inn1,15,16,240,4,5,3,1,297,1,205,1,69,0,0,0,0,86,217,4,218,218,False,5,False,0,0,218,0,1,1,1,1,1048576,262144,131072,29847,35955,108358,298,206,298,206
wayfarer_inn2,15,16,240,5,3,3,2,253,7,205,5,35,2,0,0,0,69,131,25,132,132,False,26,False,0,0,132,0,1,1,1,1,1048576,262144,131072,30965,37073,108788,260,210,260,210
witcher_route_7,20,30,600,4,10,3,1,874,0,600,0,238,0,0,0,0,57,44,0,44,44,False,1,False,0,0,40,0,1,4,0,0,1048576,1048576,262144,65458,65282,312990,556,380,874,600
