# Every lockInput page of the G6 project fired directly (probe/lockfire2.ts, PARTY=1); cell = outcome@frame
map	event	page	trigger	base(4dfb651)	branch	branch+messageBlocksPlayer
eclipse_crystal_bank1	e001_event_9	0	parallel	locked->unlocked@36	locked->unlocked@36	locked->unlocked@36
eclipse_crystal_bank3	e005_event_zircon_r001	0	playerTouch	locked->unlocked@696	locked->unlocked@732	locked->unlocked@732
eclipse_crystal_bank3	e006_event_zircon_win	0	parallel	lock-not-reached	lock-not-reached	lock-not-reached
eclipse_crystal_center	e001_event_6	0	parallel	locked->unlocked@8	locked->unlocked@8	locked->unlocked@8
eclipse_crystal_center	e002_event_waking_up_nurse_jada	0	parallel	locked->unlocked@8	locked->unlocked@8	locked->unlocked@8
eclipse_crystal_center	e003_event_internal_echoes_and_the_vo	0	parallel	locked->unlocked@8	locked->unlocked@8	locked->unlocked@8
eclipse_crystal_center	e009_heal_afford	0	parallel	locked->unlocked@8	locked->unlocked@8	locked->unlocked@8
eclipse_crystal_town	e001_event_5	0	parallel	locked->unlocked@8	locked->unlocked@8	locked->unlocked@8
eclipse_crystal_town_cafe	e001_event_7	0	parallel	locked->unlocked@8	locked->unlocked@8	locked->unlocked@8
eclipse_crystal_town_house	e001_event_8	0	parallel	locked->unlocked@8	locked->unlocked@8	locked->unlocked@8
eclipse_lion_mountain_high	e001_event_14	0	parallel	lock-not-reached	lock-not-reached	lock-not-reached
eclipse_lion_mountain_high	e007_talk_alexander_r004	0	playerTouch	locked->unlocked@18	locked->unlocked@18	locked->unlocked@18
eclipse_lion_mountain_high	e008_talk_arlene_r003	0	playerTouch	locked->unlocked@50	locked->unlocked@50	locked->unlocked@50
eclipse_lion_mountain_high	e009_talk_conrad_r005	0	playerTouch	locked->unlocked@42	locked->unlocked@42	locked->unlocked@42
eclipse_lion_mountain_high	e010_talk_david_r001	0	playerTouch	locked->unlocked@26	locked->unlocked@26	locked->unlocked@26
eclipse_lion_mountain_high	e011_talk_kurt_r006	0	playerTouch	locked->unlocked@26	locked->unlocked@26	locked->unlocked@26
eclipse_lion_mountain_low	e001_event_11	0	parallel	lock-not-reached	lock-not-reached	lock-not-reached
eclipse_lion_mountain_low	e002_event_12	0	parallel	lock-not-reached	lock-not-reached	lock-not-reached
eclipse_lion_mountain_low	e005_talk_emilio_r006	0	playerTouch	locked->unlocked@42	locked->unlocked@42	locked->unlocked@42
eclipse_lion_mountain_middle	e001_event_13	0	parallel	lock-not-reached	lock-not-reached	lock-not-reached
eclipse_lion_mountain_middle	e008_talk_adam_r007	0	playerTouch	locked->unlocked@42	locked->unlocked@42	locked->unlocked@42
eclipse_lion_mountain_middle	e009_talk_chhurim_r006	0	playerTouch	locked->unlocked@26	locked->unlocked@26	locked->unlocked@26
eclipse_lion_mountain_middle	e010_talk_jacques_r009	0	playerTouch	locked->unlocked@46	locked->unlocked@46	locked->unlocked@46
eclipse_lion_mountain_middle	e011_talk_tom_r008	0	playerTouch	locked->unlocked@42	locked->unlocked@42	locked->unlocked@42
eclipse_obsidian_center	e005_heal_afford	0	parallel	lock-not-reached	lock-not-reached	lock-not-reached
eclipse_obsidian_town	e001_event_15	0	parallel	lock-not-reached	lock-not-reached	lock-not-reached
eclipse_park_cabin	e003_vase_r002	0	action	locked->unlocked@210	locked->unlocked@210	locked->unlocked@210
eclipse_park_entrance	e001_clear	0	parallel	lock-not-reached	lock-not-reached	lock-not-reached
eclipse_park_entrance	e004_no_money	0	parallel	lock-not-reached	lock-not-reached	lock-not-reached
eclipse_park_entrance	e005_no_pay	0	parallel	lock-not-reached	lock-not-reached	lock-not-reached
eclipse_park_entrance	e006_pay	0	parallel	lock-not-reached	lock-not-reached	lock-not-reached
eclipse_park_entrance	e007_payment_r002	0	playerTouch	locked->unlocked@188	locked->unlocked@188	locked->unlocked@188
eclipse_route7	e002_event_1	0	parallel	locked->unlocked@58	locked->unlocked@58	locked->unlocked@58
eclipse_route7	e003_event_2_r015	0	playerTouch	locked->unlocked@58	locked->unlocked@58	locked->unlocked@58
eclipse_route7	e004_event_3_r010	0	playerTouch	locked->unlocked@58	locked->unlocked@58	locked->unlocked@58
eclipse_route7	e007_event_4_r012	0	playerTouch	locked->unlocked@58	locked->unlocked@58	locked->unlocked@58
eclipse_route7	e030_talk_arnaut_r009	0	playerTouch	locked->unlocked@58	locked->unlocked@58	locked->unlocked@58
eclipse_route7	e031_talk_conrad_r004	0	playerTouch	locked->unlocked@58	locked->unlocked@58	locked->unlocked@58
eclipse_route7	e032_talk_hugh_r003	0	playerTouch	locked->unlocked@58	locked->unlocked@58	locked->unlocked@58
eclipse_route7	e033_talk_jacopo_r007	0	playerTouch	locked->unlocked@58	locked->unlocked@58	locked->unlocked@58
eclipse_route7	e034_talk_manfred_r005	0	playerTouch	locked->unlocked@58	locked->unlocked@58	locked->unlocked@58
eclipse_route7	e035_talk_nino_r011	0	playerTouch	locked->unlocked@58	locked->unlocked@58	locked->unlocked@58
eclipse_route7	e036_talk_penitent_r006	0	playerTouch	locked->unlocked@58	locked->unlocked@58	locked->unlocked@58
eclipse_route7	e037_talk_pia_r008	0	playerTouch	locked->unlocked@58	locked->unlocked@58	locked->unlocked@58
eclipse_route7	e038_talk_sordello_r013	0	playerTouch	locked->unlocked@58	locked->unlocked@58	locked->unlocked@58
eclipse_route7	e039_talk_statius_r014	0	playerTouch	locked->unlocked@58	locked->unlocked@58	locked->unlocked@58
maple_bedroom	e004_stop_r002	0	playerTouch	locked->unlocked@299	locked->unlocked@258	locked->unlocked@258
maple_house	e004_create_knight	0	parallel	lock-not-reached	lock-not-reached	lock-not-reached
player_house_downstairs	e001_watch_tv_r005	0	action	lock-not-reached	lock-not-reached	lock-not-reached
player_house_downstairs	e013_new_possibilities	0	parallel	lock-not-reached	lock-not-reached	lock-not-reached
professor_lab	e001_teleport_to_map1_r001	0	playerTouch	lock-not-reached	lock-not-reached	lock-not-reached
professor_lab	e016_rockittenyes	0	parallel	lock-not-reached	lock-not-reached	lock-not-reached
professor_lab	e019_cardilingyes	0	parallel	lock-not-reached	lock-not-reached	lock-not-reached
professor_lab	e020_tweesheryes	0	parallel	lock-not-reached	lock-not-reached	lock-not-reached
professor_lab	e025_shesarrived	0	parallel	lock-not-reached	lock-not-reached	lock-not-reached
route1	e012_they_re_angry_r006	0	playerTouch	locked->unlocked@1226	locked->unlocked@1226	locked->unlocked@1226
route1	e021_battle_r013	0	action	locked->unlocked@1842	locked->unlocked@1772	locked->unlocked@1772
route1	e040_hey_r008	0	playerTouch	locked->unlocked@18	locked->unlocked@18	locked->unlocked@18
route1	e041_gym_time_r007	0	playerTouch	STUCK-LOCKED	locked->unlocked@1352	locked->unlocked@1352
route2	e011_talk_to_misa_r007	0	action	lock-not-reached	lock-not-reached	lock-not-reached
spyder_bedroom	e004_resting_in_bed_r004	0	action	locked->transfer@87	locked->transfer@87	transfer-before-lock@87
spyder_candy_cafe	e009_heal_tuxemon	0	parallel	lock-not-reached	lock-not-reached	lock-not-reached
spyder_candy_center	e018_heal_afford	0	parallel	lock-not-reached	lock-not-reached	lock-not-reached
spyder_candy_hospital1	e008_talk_aurora_r003	0	playerTouch	locked->unlocked@16	locked->unlocked@16	locked->unlocked@16
spyder_candy_hospital1	e010_talk_eleni_r004	0	playerTouch	locked->unlocked@12	locked->unlocked@12	locked->unlocked@12
spyder_candy_hospital1	e012_talk_felu_r006	0	playerTouch	locked->unlocked@18	locked->unlocked@18	locked->unlocked@18
spyder_candy_hospital1	e016_talk_liane_r005	0	playerTouch	locked->unlocked@26	locked->unlocked@26	locked->unlocked@26
spyder_candy_hospital1	e019_talk_fring_r002	0	playerTouch	locked->unlocked@12	locked->unlocked@12	locked->unlocked@12
spyder_candy_hospital1	e020_talk_walt_r001	0	playerTouch	locked->unlocked@12	locked->unlocked@12	locked->unlocked@12
spyder_candy_hospital2	e011_talk_luzia_r003	0	playerTouch	locked->unlocked@26	locked->unlocked@26	locked->unlocked@26
spyder_candy_hospital2	e013_talk_zekar_r005	0	playerTouch	locked->unlocked@12	locked->unlocked@12	locked->unlocked@12
spyder_candy_hospital2	e016_talk_rakez_r004	0	playerTouch	locked->unlocked@30	locked->unlocked@30	locked->unlocked@30
spyder_candy_hospital2	e018_talk_rhizome_r006	0	playerTouch	locked->unlocked@16	locked->unlocked@16	locked->unlocked@16
spyder_candy_hospital3	e008_the_cure_r007	0	action	locked->unlocked@168	locked->unlocked@168	locked->unlocked@168
spyder_candy_hospital3	e012_billie_confronts_r001	0	playerTouch	locked->unlocked@12	locked->unlocked@12	locked->unlocked@12
spyder_candy_house3	e006_egg_r002	0	playerTouch	locked->unlocked@114	locked->unlocked@114	locked->unlocked@114
spyder_candy_inn2	e001_bee_event_buzzing	0	parallel	lock-not-reached	lock-not-reached	lock-not-reached
spyder_candy_town	e012_entry_candy_r011	0	playerTouch	locked->unlocked@8	locked->unlocked@8	locked->unlocked@8
spyder_candy_town	e038_dante_commiserates_r014	0	playerTouch	locked->unlocked@25	locked->unlocked@25	locked->unlocked@25
spyder_candy_town	e039_henrik_react_mons	0	parallel	lock-not-reached	lock-not-reached	lock-not-reached
spyder_candy_town	e040_henrik_react_no_mons	0	parallel	lock-not-reached	lock-not-reached	lock-not-reached
spyder_citypark	e014_talk_bobette_r011	0	playerTouch	locked->unlocked@26	locked->unlocked@26	locked->unlocked@26
spyder_citypark	npc_spyder_citypark_nurse	1	action	locked->unlocked@160	locked->unlocked@160	locked->unlocked@160
spyder_cotton_artshop	e019_billie_visit_r001	0	playerTouch	locked->unlocked@180	locked->unlocked@180	locked->unlocked@180
spyder_cotton_cafe	e010_heal_tuxemon	0	parallel	lock-not-reached	lock-not-reached	lock-not-reached
spyder_cotton_cafe	npc_spyder_cottontown_hacker	1	action	locked->unlocked@234	locked->unlocked@234	locked->unlocked@234
spyder_cotton_scoop	e006_receive_capture_device_r001	0	playerTouch	locked->unlocked@12	locked->unlocked@12	locked->unlocked@12
spyder_cotton_town	e004_talk_hackerintro_r017	0	playerTouch	locked->unlocked@44	locked->unlocked@44	locked->unlocked@44
spyder_cotton_town	e015_stop_cotton_r012	0	playerTouch	locked->unlocked@264	locked->unlocked@264	locked->unlocked@264
spyder_cotton_town	e034_kernel_quest_r011	0	playerTouch	locked->unlocked@429	locked->unlocked@429	locked->unlocked@429
spyder_cotton_tunnel	e015_talk_carlos_r003	0	playerTouch	locked->unlocked@46	locked->unlocked@46	locked->unlocked@46
spyder_cotton_tunnel	npc_spyder_dragonscave_benden	1	action	locked->unlocked@62	locked->unlocked@62	locked->unlocked@62
spyder_datacenter	e013_talk_fermi_r004	0	playerTouch	locked->unlocked@12	locked->unlocked@12	locked->unlocked@12
spyder_datacenter	e015_talk_onnes_r005	0	playerTouch	locked->unlocked@12	locked->unlocked@12	locked->unlocked@12
spyder_datacenter	e017_talk_bayliss_r003	0	playerTouch	locked->unlocked@12	locked->unlocked@12	locked->unlocked@12
spyder_datacenter	e019_talk_chomsky_r002	0	playerTouch	locked->unlocked@12	locked->unlocked@12	locked->unlocked@12
spyder_datacenter	e021_talk_lagrange_r001	0	playerTouch	locked->unlocked@12	locked->unlocked@12	locked->unlocked@12
spyder_datacenter	e044_billie	0	parallel	lock-not-reached	lock-not-reached	lock-not-reached
spyder_dojo2	e009_encounter_r002	0	playerTouch	locked->unlocked@158	locked->unlocked@158	locked->unlocked@158
spyder_dojo2	npc_spyder_dojo_iroh	1	action	locked->unlocked@180	locked->unlocked@180	locked->unlocked@180
spyder_dojo2	npc_spyder_dojo_kataro	1	action	locked->unlocked@180	locked->unlocked@180	locked->unlocked@180
spyder_dojo2	npc_spyder_dojo_sokka	1	action	locked->unlocked@176	locked->unlocked@176	locked->unlocked@176
spyder_dojo2	npc_spyder_dojo_toph	1	action	locked->unlocked@176	locked->unlocked@176	locked->unlocked@176
spyder_dojo2	npc_spyder_dojo_wan	1	action	lock-not-reached	lock-not-reached	lock-not-reached
spyder_dojo2	npc_spyder_dojo_yangchen	1	action	locked->unlocked@180	locked->unlocked@180	locked->unlocked@180
spyder_dojo3	e009_encounter_r002	0	playerTouch	locked->unlocked@162	locked->unlocked@162	locked->unlocked@162
spyder_dojo3	npc_spyder_dojo_tu	1	action	lock-not-reached	lock-not-reached	lock-not-reached
spyder_dojo4	e005_billie_encounter_r001	0	playerTouch	locked->unlocked@8	locked->unlocked@8	locked->unlocked@8
spyder_dragonscave	e015_talk_tomas_r028	0	playerTouch	locked->unlocked@26	locked->unlocked@26	locked->unlocked@26
spyder_dragonscave	e016_talk_daenny_r022	0	playerTouch	locked->unlocked@34	locked->unlocked@34	locked->unlocked@34
spyder_dragonscave	e017_talk_cailin_r020	0	playerTouch	locked->unlocked@12	locked->unlocked@12	locked->unlocked@12
spyder_dragonscave	e018_talk_lessa_r017	0	playerTouch	locked->unlocked@18	locked->unlocked@18	locked->unlocked@18
spyder_dragonscave	e019_talk_griffin_r026	0	playerTouch	locked->unlocked@42	locked->unlocked@42	locked->unlocked@42
spyder_dragonscave	e020_talk_benden_r014	0	playerTouch	locked->unlocked@12	locked->unlocked@12	locked->unlocked@12
spyder_dragonscave	e021_talk_ray_and_tru_r010	0	playerTouch	locked->unlocked@54	locked->unlocked@54	locked->unlocked@54
spyder_dragonscave	e022_talk_lucille_and_mal_r008	0	playerTouch	lock-not-reached	lock-not-reached	lock-not-reached
spyder_dryadsgrove	e008_talk_aquemini_r021	0	playerTouch	locked->unlocked@26	locked->unlocked@26	locked->unlocked@26
spyder_dryadsgrove	e009_talk_ignatia_r014	0	playerTouch	locked->unlocked@12	locked->unlocked@12	locked->unlocked@12
spyder_dryadsgrove	e010_talk_petra_r007	0	playerTouch	locked->unlocked@12	locked->unlocked@12	locked->unlocked@12
spyder_dryadsgrove	e012_talk_ferris_r010	0	playerTouch	locked->unlocked@12	locked->unlocked@12	locked->unlocked@12
spyder_flower_center	e009_heal_afford	0	parallel	lock-not-reached	lock-not-reached	lock-not-reached
spyder_flower_scoop	e003_flashback	0	parallel	lock-not-reached	lock-not-reached	lock-not-reached
spyder_flower_scoop	e010_trigger_flashback_r001	0	playerTouch	locked->unlocked@94	locked->unlocked@94	locked->unlocked@94
spyder_greenwash	e008_talk_chip_r006	0	playerTouch	locked->unlocked@42	locked->unlocked@42	locked->unlocked@42
spyder_greenwash	e009_talk_clarence_r004	0	playerTouch	locked->unlocked@50	locked->unlocked@50	locked->unlocked@50
spyder_greenwash	e012_talk_broer_r003	0	playerTouch	locked->unlocked@54	locked->unlocked@54	locked->unlocked@54
spyder_greenwash	e014_talk_lewie_r005	0	playerTouch	locked->unlocked@22	locked->unlocked@22	locked->unlocked@22
spyder_greenwash	e016_talk_morehouse_r008	0	playerTouch	locked->unlocked@22	locked->unlocked@22	locked->unlocked@22
spyder_greenwash_greenhouse	e005_talk_gregor_r003	0	playerTouch	locked->unlocked@12	locked->unlocked@12	locked->unlocked@12
spyder_greenwash_greenhouse	e007_talk_alex_r009	0	playerTouch	locked->unlocked@38	locked->unlocked@38	locked->unlocked@38
spyder_greenwash_greenhouse	e009_talk_hunt_r007	0	playerTouch	locked->unlocked@20	locked->unlocked@20	locked->unlocked@20
spyder_greenwash_greenhouse	e011_talk_lewis_r006	0	playerTouch	locked->unlocked@16	locked->unlocked@16	locked->unlocked@16
spyder_greenwash_greenhouse	e012_talk_lewis_r002	0	playerTouch	locked->unlocked@78	locked->unlocked@78	locked->unlocked@78
spyder_greenwash_greenhouse	e014_talk_louis_r001	0	playerTouch	locked->unlocked@42	locked->unlocked@42	locked->unlocked@42
spyder_greenwash_greenhouse	e017_talk_gluck_r008	0	playerTouch	locked->unlocked@16	locked->unlocked@16	locked->unlocked@16
spyder_greenwash_level2	e010_talk_aissa_r005	0	playerTouch	locked->unlocked@26	locked->unlocked@26	locked->unlocked@26
spyder_greenwash_level2	e011_talk_dippel_r006	0	playerTouch	locked->unlocked@34	locked->unlocked@34	locked->unlocked@34
spyder_greenwash_level2	e012_talk_moreau_r009	0	playerTouch	locked->unlocked@82	locked->unlocked@82	locked->unlocked@82
spyder_greenwash_level2	e014_talk_dempsey_r007	0	playerTouch	locked->unlocked@34	locked->unlocked@34	locked->unlocked@34
spyder_greenwash_level2	e016_talk_heidenstam_r008	0	playerTouch	locked->unlocked@34	locked->unlocked@34	locked->unlocked@34
spyder_greenwash_level3	e001_flashback_incident	0	parallel	lock-not-reached	lock-not-reached	lock-not-reached
spyder_greenwash_level3	e002_flashback_dempsey	0	parallel	lock-not-reached	lock-not-reached	lock-not-reached
spyder_greenwash_level3	e003_flashback_fossilator	0	parallel	lock-not-reached	lock-not-reached	lock-not-reached
spyder_healing_center	e014_heal_afford	0	parallel	lock-not-reached	lock-not-reached	lock-not-reached
spyder_leather_center	e009_heal_afford	0	parallel	lock-not-reached	lock-not-reached	lock-not-reached
spyder_leather_museum	e001_cannot_afford_100	0	parallel	lock-not-reached	lock-not-reached	lock-not-reached
spyder_leather_museum	e002_cannot_afford_50	0	parallel	lock-not-reached	lock-not-reached	lock-not-reached
spyder_leather_museum	e009_no_pay_not_required	0	parallel	lock-not-reached	lock-not-reached	lock-not-reached
spyder_leather_museum	e010_no_pay_required	0	parallel	lock-not-reached	lock-not-reached	lock-not-reached
spyder_leather_museum	e011_pay	0	parallel	lock-not-reached	lock-not-reached	lock-not-reached
spyder_leather_museum	e012_pay_required	0	parallel	lock-not-reached	lock-not-reached	lock-not-reached
spyder_leather_museum	e013_pay_option_r001	0	playerTouch	locked->unlocked@32	locked->unlocked@32	locked->unlocked@32
spyder_leather_town	e017_heal_tuxemon	0	parallel	lock-not-reached	lock-not-reached	lock-not-reached
spyder_leather_town	e046_flashback	0	parallel	lock-not-reached	lock-not-reached	lock-not-reached
spyder_mansion	e012_captain_returns_r020	0	playerTouch	transfer-before-lock@40	transfer-before-lock@40	transfer-before-lock@40
spyder_mansion	e019_talk_gillette_r017	0	playerTouch	locked->unlocked@18	locked->unlocked@18	locked->unlocked@18
spyder_mansion	e020_talk_lucy_r015	0	playerTouch	locked->unlocked@26	locked->unlocked@26	locked->unlocked@26
spyder_mansion	e021_talk_lyle_r011	0	playerTouch	locked->unlocked@12	locked->unlocked@12	locked->unlocked@12
spyder_mansion	npc_spyder_mansion_nurse	1	action	locked->unlocked@160	locked->unlocked@160	locked->unlocked@160
spyder_mansion_basement	e009_talk_coralli_r001	0	playerTouch	locked->unlocked@12	locked->unlocked@12	locked->unlocked@12
spyder_mansion_basement	e010_talk_bobby_r002	0	playerTouch	locked->unlocked@16	locked->unlocked@16	locked->unlocked@16
spyder_mansion_basement	e011_talk_roger_r003	0	playerTouch	locked->unlocked@12	locked->unlocked@12	locked->unlocked@12
spyder_mansion_basement	e012_talk_catholi_r006	0	playerTouch	locked->unlocked@12	locked->unlocked@12	locked->unlocked@12
spyder_mansion_basement	e015_healed	0	parallel	lock-not-reached	lock-not-reached	lock-not-reached
spyder_mansion_top	e003_talk_mickey_r002	0	playerTouch	locked->unlocked@16	locked->unlocked@16	locked->unlocked@16
spyder_mansion_top	e010_talk_russell_r004	0	playerTouch	locked->unlocked@34	locked->unlocked@34	locked->unlocked@34
spyder_mansion_top	e011_talk_ricardo_r001	0	playerTouch	locked->unlocked@26	locked->unlocked@26	locked->unlocked@26
spyder_mansion_top	e012_talk_jackson_r003	0	playerTouch	locked->unlocked@12	locked->unlocked@12	locked->unlocked@12
spyder_nimrod_bottom	e009_talk_rebel_r002	0	playerTouch	locked->unlocked@20	locked->unlocked@20	locked->unlocked@20
spyder_nimrod_bottom	e010_talk_tru_r006	0	playerTouch	locked->unlocked@12	locked->unlocked@12	locked->unlocked@12
spyder_nimrod_bottom	e011_talk_bowie_r004	0	playerTouch	locked->unlocked@12	locked->unlocked@12	locked->unlocked@12
spyder_nimrod_bottom	e012_flashback_xeon	0	parallel	lock-not-reached	lock-not-reached	lock-not-reached
spyder_nimrod_middle	e011_talk_argon_r002	0	playerTouch	locked->unlocked@16	locked->unlocked@16	locked->unlocked@16
spyder_nimrod_middle	e012_talk_honour_r001	0	playerTouch	locked->unlocked@26	locked->unlocked@26	locked->unlocked@26
spyder_nimrod_middle	e013_talk_xeon_r004	0	playerTouch	locked->unlocked@34	locked->unlocked@34	locked->unlocked@34
spyder_nimrod_middle	e014_talk_chrome_robo_r006	0	playerTouch	locked->unlocked@12	locked->unlocked@12	locked->unlocked@12
spyder_nimrod_middle	e015_talk_archer_r007	0	playerTouch	locked->unlocked@12	locked->unlocked@12	locked->unlocked@12
spyder_nimrod_middle	e016_talk_antimony_r005	0	playerTouch	locked->unlocked@12	locked->unlocked@12	locked->unlocked@12
spyder_nimrod_middle	e017_zircon_back_r003	0	playerTouch	locked->unlocked@86	locked->unlocked@86	locked->unlocked@86
spyder_nimrod_middle	e019_post_flashback	0	parallel	lock-not-reached	lock-not-reached	lock-not-reached
spyder_nimrod_room	e001_enforcers_rapid_response	0	parallel	lock-not-reached	lock-not-reached	lock-not-reached
spyder_nimrod_room	e002_flashback_zircon_and_argon	0	parallel	lock-not-reached	lock-not-reached	lock-not-reached
spyder_nimrod_top	e007_talk_justice_r006	0	playerTouch	locked->unlocked@12	locked->unlocked@12	locked->unlocked@12
spyder_nimrod_top	e008_talk_zircon_r003	0	playerTouch	locked->unlocked@12	locked->unlocked@12	locked->unlocked@12
spyder_nimrod_top	e009_talk_maverick_r002	0	playerTouch	locked->unlocked@12	locked->unlocked@12	locked->unlocked@12
spyder_nimrod_top	e011_talk_mace_r004	0	playerTouch	locked->unlocked@12	locked->unlocked@12	locked->unlocked@12
spyder_omnichannel1	e005_spot_enforcer_r004	0	playerTouch	locked->unlocked@8	locked->unlocked@8	locked->unlocked@8
spyder_omnichannel1	e006_battle_enforcer_r003	0	playerTouch	locked->unlocked@8	locked->unlocked@8	locked->unlocked@8
spyder_omnichannel2	e006_talk_schwartz_r006	0	playerTouch	locked->unlocked@42	locked->unlocked@42	locked->unlocked@42
spyder_omnichannel2	e008_talk_bettger_r005	0	playerTouch	locked->unlocked@50	locked->unlocked@50	locked->unlocked@50
spyder_omnichannel2	e010_talk_tohei_r009	0	playerTouch	locked->unlocked@34	locked->unlocked@34	locked->unlocked@34
spyder_omnichannel2	e012_talk_crane_r002	0	playerTouch	locked->unlocked@50	locked->unlocked@50	locked->unlocked@50
spyder_omnichannel2	e014_talk_dempsey_r001	0	playerTouch	locked->unlocked@38	locked->unlocked@38	locked->unlocked@38
spyder_omnichannel3	e008_talk_strauss_r001	0	playerTouch	locked->unlocked@50	locked->unlocked@50	locked->unlocked@50
spyder_omnichannel3	e009_talk_carnegie_r004	0	playerTouch	locked->unlocked@34	locked->unlocked@34	locked->unlocked@34
spyder_omnichannel3	e010_talk_byrne_r007	0	playerTouch	locked->unlocked@42	locked->unlocked@42	locked->unlocked@42
spyder_paper_daycare	e002_flashback_billie_grandma	0	parallel	lock-not-reached	lock-not-reached	lock-not-reached
spyder_paper_rival_downstairs	e008_tv_yes	0	parallel	lock-not-reached	lock-not-reached	lock-not-reached
spyder_paper_scoop	e010_continue_storekeeper	0	parallel	locked->unlocked@256	locked->unlocked@256	locked->unlocked@256
spyder_paper_scoop	e015_intro_storekeeper	0	parallel	locked->unlocked@256	locked->unlocked@256	locked->unlocked@256
spyder_paper_town	e012_stop_r003	0	playerTouch	locked->unlocked@22	locked->unlocked@22	locked->unlocked@22
spyder_paper_town	e018_my_first_mon_r012	0	playerTouch	lock-not-reached	lock-not-reached	lock-not-reached
spyder_paper_town	e024_first_fight_start	0	parallel	lock-not-reached	lock-not-reached	lock-not-reached
spyder_paper_town	e035_stop_2_r014	0	playerTouch	no-start-cell	no-start-cell	no-start-cell
spyder_radiotower	e006_stop_r002	0	playerTouch	locked->unlocked@664	locked->unlocked@626	locked->unlocked@626
spyder_radiotower	e009_stop_r001	0	playerTouch	locked->unlocked@91	locked->unlocked@91	locked->unlocked@91
spyder_route2	e008_billie_encounter_r013	0	playerTouch	locked->unlocked@8	locked->unlocked@8	locked->unlocked@8
spyder_route2	e009_billie_encounter_win	0	parallel	lock-not-reached	lock-not-reached	lock-not-reached
spyder_route2	e014_talk_roddick_r007	0	playerTouch	locked->unlocked@12	locked->unlocked@12	locked->unlocked@12
spyder_route2	e015_talk_marion_r020	0	playerTouch	locked->unlocked@12	locked->unlocked@12	locked->unlocked@12
spyder_route2	e016_talk_graf_r010	0	playerTouch	locked->unlocked@12	locked->unlocked@12	locked->unlocked@12
spyder_route3	e011_shaft_plot_revealed_r013	0	playerTouch	locked->unlocked@398	locked->unlocked@398	locked->unlocked@398
spyder_route3	e024_enforcer_talk_r017	0	playerTouch	locked->unlocked@12	locked->unlocked@12	locked->unlocked@12
spyder_route3	e025_talk_twig_r021	0	playerTouch	locked->unlocked@22	locked->unlocked@22	locked->unlocked@22
spyder_route3	e026_talk_wanda_r025	0	playerTouch	locked->unlocked@12	locked->unlocked@12	locked->unlocked@12
spyder_route3	e027_novak_talk_r029	0	playerTouch	locked->unlocked@12	locked->unlocked@12	locked->unlocked@12
spyder_route4	e011_talk_marshall_r018	0	playerTouch	locked->unlocked@12	locked->unlocked@12	locked->unlocked@12
spyder_route4	e012_talk_beck_r016	0	playerTouch	locked->unlocked@12	locked->unlocked@12	locked->unlocked@12
spyder_route4	e013_talk_wulf_r012	0	playerTouch	locked->unlocked@12	locked->unlocked@12	locked->unlocked@12
spyder_route4	e014_talk_rosamund_r021	0	playerTouch	locked->unlocked@12	locked->unlocked@12	locked->unlocked@12
spyder_route4	e015_billie_r009	0	playerTouch	locked->unlocked@8	locked->unlocked@8	locked->unlocked@8
spyder_route4	npc_spyder_route4_nurse	1	action	locked->unlocked@160	locked->unlocked@160	locked->unlocked@160
spyder_route5	e011_talk_sara_r010	0	playerTouch	locked->unlocked@12	locked->unlocked@12	locked->unlocked@12
spyder_route5	e012_talk_cleo_or_patra_r005	0	playerTouch	locked->unlocked@12	locked->unlocked@12	locked->unlocked@12
spyder_route5	e013_talk_tryphaena_or_marc_r003	0	playerTouch	locked->unlocked@110	locked->unlocked@110	locked->unlocked@110
spyder_route5	e014_talk_edith_r016	0	playerTouch	locked->unlocked@12	locked->unlocked@12	locked->unlocked@12
spyder_route5	npc_spyder_route5_nurse	1	action	locked->unlocked@160	locked->unlocked@160	locked->unlocked@160
spyder_route6	e022_talk_maxwell_r010	0	playerTouch	locked->unlocked@54	locked->unlocked@54	locked->unlocked@54
spyder_route6	e023_talk_orion_r003	0	playerTouch	locked->unlocked@34	locked->unlocked@34	locked->unlocked@34
spyder_route6	e024_talk_richard_r023	0	playerTouch	locked->unlocked@12	locked->unlocked@12	locked->unlocked@12
spyder_route6	e025_talk_blair_r017	0	playerTouch	locked->unlocked@90	locked->unlocked@90	locked->unlocked@90
spyder_route6	e026_talk_mungo_r006	0	playerTouch	locked->unlocked@26	locked->unlocked@26	locked->unlocked@26
spyder_route6	e027_billie1_r026	0	playerTouch	locked->unlocked@8	locked->unlocked@8	locked->unlocked@8
spyder_route6	e030_billie2_r015	0	playerTouch	locked->unlocked@8	locked->unlocked@8	locked->unlocked@8
spyder_routea	e005_billie_r015	0	playerTouch	locked->unlocked@8	locked->unlocked@8	locked->unlocked@8
spyder_routea	e008_talk_doris_r022	0	playerTouch	locked->unlocked@50	locked->unlocked@50	locked->unlocked@50
spyder_routea	e010_talk_dagger_r025	0	playerTouch	locked->unlocked@12	locked->unlocked@12	locked->unlocked@12
spyder_routea	e011_talk_doris_r020	0	playerTouch	locked->unlocked@12	locked->unlocked@12	locked->unlocked@12
spyder_routea	e013_talk_koan_r039	0	playerTouch	locked->unlocked@12	locked->unlocked@12	locked->unlocked@12
spyder_routea	e015_talk_lexi_r034	0	playerTouch	locked->unlocked@12	locked->unlocked@12	locked->unlocked@12
spyder_routea	e017_talk_lotu_r032	0	playerTouch	locked->unlocked@12	locked->unlocked@12	locked->unlocked@12
spyder_routea	e018_talk_connie_r028	0	playerTouch	locked->unlocked@12	locked->unlocked@12	locked->unlocked@12
spyder_routea	e021_talk_joe1_r037	0	playerTouch	locked->unlocked@26	locked->unlocked@26	locked->unlocked@26
spyder_routea	e023_talk_rosy_r013	0	playerTouch	locked->unlocked@12	locked->unlocked@12	locked->unlocked@12
spyder_routea	npc_spyder_routea_nurse	1	action	locked->unlocked@160	locked->unlocked@160	locked->unlocked@160
spyder_routeb	e006_talk_electra_r022	0	playerTouch	locked->unlocked@12	locked->unlocked@12	locked->unlocked@12
spyder_routeb	e008_talk_cytherea_r014	0	playerTouch	locked->unlocked@12	locked->unlocked@12	locked->unlocked@12
spyder_routeb	e010_talk_nephthys_r013	0	playerTouch	locked->unlocked@12	locked->unlocked@12	locked->unlocked@12
spyder_routeb	e012_talk_sedna_r009	0	playerTouch	locked->unlocked@12	locked->unlocked@12	locked->unlocked@12
spyder_routeb	e014_talk_calypso_r006	0	playerTouch	locked->unlocked@26	locked->unlocked@26	locked->unlocked@26
spyder_routeb	e015_billie_r020	0	playerTouch	locked->unlocked@97	locked->unlocked@156	locked->unlocked@156
spyder_routec	e011_talk_rutherford_r021	0	playerTouch	locked->unlocked@26	locked->unlocked@26	locked->unlocked@26
spyder_routec	e012_talk_gil_r030	0	playerTouch	no-start-cell	no-start-cell	no-start-cell
spyder_routec	e013_talk_sandy_r025	0	playerTouch	locked->unlocked@12	locked->unlocked@12	locked->unlocked@12
spyder_routec	e014_talk_more_r038	0	playerTouch	no-start-cell	no-start-cell	no-start-cell
spyder_routee	e008_battle_calliope_r013	0	playerTouch	locked->unlocked@93	locked->unlocked@93	locked->unlocked@93
spyder_routee	e009_talk_calliope_r011	0	playerTouch	locked->unlocked@85	locked->unlocked@85	locked->unlocked@85
spyder_routee	e011_talk_aiolos_r015	0	playerTouch	locked->unlocked@18	locked->unlocked@18	locked->unlocked@18
spyder_scoop1	e011_talk_lanth_r005	0	playerTouch	locked->unlocked@12	locked->unlocked@12	locked->unlocked@12
spyder_scoop1	e012_talk_berys_r004	0	playerTouch	locked->unlocked@18	locked->unlocked@18	locked->unlocked@18
spyder_scoop1	e013_talk_turner_r006	0	playerTouch	locked->unlocked@12	locked->unlocked@12	locked->unlocked@12
spyder_scoop1	e014_talk_paine_r003	0	playerTouch	locked->unlocked@12	locked->unlocked@12	locked->unlocked@12
spyder_scoop1	e015_talk_rubid_r007	0	playerTouch	locked->unlocked@12	locked->unlocked@12	locked->unlocked@12
spyder_scoop2	e005_leaving_scoop_hq_r001	0	playerTouch	locked->unlocked@10	locked->unlocked@10	locked->unlocked@10
spyder_scoop3	e006_talk_alyssa_r003	0	playerTouch	locked->unlocked@12	locked->unlocked@12	locked->unlocked@12
spyder_scoop3	e007_talk_taggart_r002	0	playerTouch	locked->unlocked@18	locked->unlocked@18	locked->unlocked@18
spyder_scoop3	e008_talk_donald_r004	0	playerTouch	locked->unlocked@12	locked->unlocked@12	locked->unlocked@12
spyder_scoop3	e010_watch	0	parallel	lock-not-reached	lock-not-reached	lock-not-reached
spyder_scoop4	e014_talk_arachne_1_r002	0	playerTouch	locked->unlocked@26	locked->unlocked@26	locked->unlocked@26
spyder_scoop4	e015_talk_weaver_r004	0	playerTouch	locked->unlocked@12	locked->unlocked@12	locked->unlocked@12
spyder_scoop4	e016_talk_arachne_2_r003	0	playerTouch	locked->unlocked@12	locked->unlocked@12	locked->unlocked@12
spyder_test_map	e005_ambush_cleo_r002	0	playerTouch	locked->unlocked@12	locked->unlocked@12	locked->unlocked@12
spyder_timber_cafe	e004_flashback	0	parallel	lock-not-reached	lock-not-reached	lock-not-reached
spyder_timber_cafe	e006_heal_tuxemon	0	parallel	lock-not-reached	lock-not-reached	lock-not-reached
spyder_timber_center	e009_heal_afford	0	parallel	lock-not-reached	lock-not-reached	lock-not-reached
spyder_timber_walledgarden1	e008_talk_fugger_r006	0	playerTouch	locked->unlocked@26	locked->unlocked@26	locked->unlocked@26
spyder_timber_walledgarden1	e010_talk_carnegie_r005	0	playerTouch	locked->unlocked@26	locked->unlocked@26	locked->unlocked@26
spyder_timber_walledgarden1	e012_talk_ford_r009	0	playerTouch	locked->unlocked@18	locked->unlocked@18	locked->unlocked@18
spyder_timber_walledgarden1	e014_talk_girard_r011	0	playerTouch	locked->unlocked@18	locked->unlocked@18	locked->unlocked@18
spyder_timber_walledgarden1	e016_talk_vanderbilt_r010	0	playerTouch	locked->unlocked@26	locked->unlocked@26	locked->unlocked@26
spyder_timber_walledgarden1	e017_talk_ford_r007	0	playerTouch	locked->unlocked@18	locked->unlocked@18	locked->unlocked@18
spyder_timber_walledgarden1	e018_talk_vanderbilt_r008	0	playerTouch	locked->unlocked@26	locked->unlocked@26	locked->unlocked@26
spyder_timber_walledgarden1	e020_talk_astor_r012	0	playerTouch	locked->unlocked@18	locked->unlocked@18	locked->unlocked@18
spyder_timber_walledgarden2	e006_talk_osman_r004	0	playerTouch	locked->unlocked@26	locked->unlocked@26	locked->unlocked@26
spyder_timber_walledgarden2	e008_talk_alexander_r003	0	playerTouch	locked->unlocked@26	locked->unlocked@26	locked->unlocked@26
spyder_timber_walledgarden2	e011_talk_musa_r002	0	playerTouch	locked->unlocked@26	locked->unlocked@26	locked->unlocked@26
spyder_timber_walledgarden2	e012_talk_augustus_r001	0	playerTouch	locked->unlocked@26	locked->unlocked@26	locked->unlocked@26
spyder_timber_walledgarden2	e014_talk_rufus_r006	0	playerTouch	locked->unlocked@26	locked->unlocked@26	locked->unlocked@26
spyder_timber_walledgarden2	e016_talk_crassus_r005	0	playerTouch	locked->unlocked@18	locked->unlocked@18	locked->unlocked@18
spyder_timber_walledgarden2	e017_talk_midas	0	parallel	lock-not-reached	lock-not-reached	lock-not-reached
spyder_timber_walledgarden2	e018_talk_billie	0	parallel	lock-not-reached	lock-not-reached	lock-not-reached
spyder_tunnel	e012_talk_greta_r030	0	playerTouch	locked->unlocked@12	locked->unlocked@12	locked->unlocked@12
spyder_tunnel	e018_landrace_blocks_r010	0	playerTouch	locked->unlocked@166	locked->unlocked@41	locked->unlocked@41
spyder_tunnel	e020_landrace_blocks_r011	0	playerTouch	locked->unlocked@57	locked->unlocked@57	locked->unlocked@57
spyder_tunnel_below	e007_talk_meitner_r010	0	playerTouch	locked->unlocked@34	locked->unlocked@34	locked->unlocked@34
spyder_tunnel_below	e008_talk_lute_r021	0	playerTouch	locked->unlocked@12	locked->unlocked@12	locked->unlocked@12
spyder_tunnel_below	e009_talk_beryll_r017	0	playerTouch	locked->unlocked@12	locked->unlocked@12	locked->unlocked@12
spyder_wayfarer_inn1	e006_heal_tuxemon	0	parallel	lock-not-reached	lock-not-reached	lock-not-reached
spyder_wayfarer_inn1	e016_talk_morningstar_r004	0	playerTouch	locked->unlocked@12	locked->unlocked@12	locked->unlocked@12
spyder_wayfarer_inn1	e017_talk_victor_r003	0	playerTouch	locked->unlocked@18	locked->unlocked@18	locked->unlocked@18
spyder_wayfarer_inn2	e008_talk_bravo_r003	0	playerTouch	locked->unlocked@12	locked->unlocked@12	locked->unlocked@12
taba_ba_br_1	e007_get_acolyte	0	parallel	lock-not-reached	lock-not-reached	lock-not-reached
taba_ba_br_1	e008_move_to_middle_r001	0	playerTouch	locked->unlocked@560	locked->unlocked@560	locked->unlocked@560
taba_ba_br_2	e004_acolyte2_r003	0	playerTouch	locked->unlocked@757	locked->unlocked@757	locked->unlocked@757
taba_ba_br_2	e008_battle_redo_r005	0	action	STUCK-LOCKED	STUCK-LOCKED	STUCK-LOCKED
taba_ba_br_3	e003_there_he_is_r002	0	playerTouch	STUCK-LOCKED	locked->unlocked@2315	locked->unlocked@2315
taba_ba_br_4	e002_start_talking_r003	0	playerTouch	locked->unlocked@186	locked->unlocked@186	locked->unlocked@186
taba_ba_br_master_foyer	e003_stop_and_talk_r001	0	playerTouch	locked->unlocked@86	locked->unlocked@86	locked->unlocked@86
taba_ba_foyer	e003_talk_to_timmy_r004	0	action	locked->unlocked@84	locked->unlocked@84	locked->unlocked@84
taba_ba_foyer	e004_talk_to_timmy2_r003	0	action	lock-not-reached	lock-not-reached	lock-not-reached
taba_ba_main	e003_im_here_r003	0	playerTouch	STUCK-LOCKED	locked->unlocked@4064	locked->unlocked@4064
taba_ba_main	e028_time_to_face_the_master_r002	0	playerTouch	STUCK-LOCKED	STUCK-LOCKED	STUCK-LOCKED
taba_town	e017_bring_the_cavalry	0	parallel	lock-not-reached	lock-not-reached	lock-not-reached
taba_town	e020_timetowalk	0	parallel	lock-not-reached	lock-not-reached	lock-not-reached
taba_town	e030_waitdontleave_r015	0	playerTouch	locked->unlocked@96	locked->unlocked@132	locked->unlocked@132
taba_town	e038_announcement2_r014	0	playerTouch	locked->unlocked@233	locked->unlocked@233	locked->unlocked@233
taba_town	e043_myrock_r029	0	action	locked->unlocked@158	locked->unlocked@158	locked->unlocked@158
tuxe_mart_taba	e007_professor_pls	0	parallel	locked->unlocked@364	locked->unlocked@364	locked->unlocked@364
water_lower_village	npc_water_nice_mayor	1	action	locked->unlocked@178	locked->unlocked@178	locked->unlocked@178
