map	width	height	bytes	read_parse_ms	validate_ms	compile_ms	commit_ms	worst_stage_ms	total_ms	limit
37707_tower	24	24	17022	4.399	0.094	0.238	0.007	4.399	4.744	pass
37707_town	48	32	55414	13.944	0.306	0.814	0.008	13.944	15.075	pass
37707_town_missing	48	32	52599	12.601	0.265	0.791	0.007	12.601	13.664	pass
azure_town	50	50	51904	12.141	0.173	0.515	0.006	12.141	12.837	pass
azure_town_hall	30	20	12419	2.920	0.049	0.127	0.005	2.920	3.102	pass
bedroom_test	9	7	2591	0.660	0.018	0.058	0.010	0.660	0.746	pass
buddha_mountain	100	100	212567	49.840	0.784	2.108	0.007	49.840	52.739	pass
candy_town	40	40	47387	11.255	0.253	0.667	0.006	11.255	12.184	pass
city1_mart_junkyard	21	35	26540	6.431	0.083	0.350	0.006	6.431	6.871	pass
citypark	40	40	49305	11.571	0.210	0.689	0.006	11.571	12.477	pass
citypark_house1	10	8	2376	0.612	0.021	0.050	0.005	0.612	0.688	pass
classic_aerolume_city	40	20	16734	3.879	0.063	0.171	0.005	3.879	4.119	pass
classic_gym_astra	20	20	10781	2.523	0.040	0.120	0.005	2.523	2.689	pass
classic_gym_bravion	20	20	10826	2.550	0.043	0.120	0.005	2.550	2.718	pass
classic_gym_ferrum	20	20	10481	2.503	0.041	0.116	0.005	2.503	2.666	pass
classic_gym_granite	20	20	10855	2.599	0.040	0.118	0.005	2.599	2.763	pass
classic_gym_marin	20	20	10767	2.548	0.040	0.119	0.005	2.548	2.712	pass
classic_gym_mila	20	20	10744	2.554	0.040	0.122	0.005	2.554	2.722	pass
classic_gym_orion	20	20	10487	2.512	0.040	0.113	0.005	2.512	2.671	pass
classic_gym_pyra	20	20	10787	2.570	0.040	0.121	0.005	2.570	2.737	pass
classic_gym_shade	20	20	10472	2.508	0.041	0.116	0.005	2.508	2.671	pass
classic_gym_sylva	20	20	10499	2.533	0.041	0.115	0.005	2.533	2.695	pass
classic_gym_voltessa	20	20	10804	2.573	0.041	0.122	0.005	2.573	2.741	pass
classic_gym_vyre	20	20	10474	2.503	0.040	0.114	0.005	2.503	2.662	pass
classic_gym_zephra	20	20	10496	2.482	0.040	0.121	0.005	2.482	2.649	pass
classic_hearthrock_city	40	20	19290	4.507	0.084	0.246	0.006	4.507	4.844	pass
classic_route_1	40	20	19829	4.710	0.097	0.255	0.006	4.710	5.069	pass
classic_route_2	40	20	16753	3.915	0.063	0.170	0.005	3.915	4.153	pass
classic_route_3	40	20	21913	5.159	0.120	0.286	0.005	5.159	5.571	pass
classic_route_4	40	20	27809	6.640	0.183	0.426	0.006	6.640	7.255	pass
classic_route_5	40	20	16745	3.964	0.064	0.172	0.005	3.964	4.205	pass
classic_route_6	40	20	16745	3.902	0.063	0.167	0.005	3.902	4.137	pass
classic_route_7	40	20	16796	3.947	0.063	0.168	0.005	3.947	4.184	pass
classic_route_8	40	20	17336	4.061	0.070	0.194	0.005	4.061	4.331	pass
classic_steamshore_city	40	20	22603	5.375	0.122	0.305	0.005	5.375	5.807	pass
classic_stormpeak_city	40	20	21629	5.131	0.113	0.288	0.005	5.131	5.537	pass
classic_thornwood_city	40	20	17402	4.087	0.065	0.183	0.005	4.087	4.340	pass
classic_umbrastar_city	40	20	16449	3.817	0.062	0.165	0.005	3.817	4.050	pass
classic_valorhold_city	40	20	20533	4.841	0.103	0.253	0.005	4.841	5.202	pass
cotton_cafe	12	12	4265	1.064	0.028	0.076	0.005	1.064	1.173	pass
cotton_cafe_basement	12	12	5001	1.224	0.027	0.096	0.006	1.224	1.353	pass
cotton_cathedral	13	11	5618	1.383	0.027	0.097	0.006	1.383	1.513	pass
cotton_daycare	12	9	4631	1.151	0.023	0.075	0.005	1.151	1.254	pass
cotton_misa_house	9	7	5148	1.291	0.019	0.098	0.005	1.291	1.414	pass
cotton_misa_house_upstairs	9	7	2803	0.709	0.018	0.055	0.005	0.709	0.788	pass
cotton_scoop	13	11	4858	1.222	0.026	0.080	0.005	1.222	1.334	pass
cotton_town	40	40	60108	14.256	0.237	0.841	0.006	14.256	15.341	pass
cotton_underground	40	40	40870	9.650	0.193	0.491	0.006	9.650	10.341	pass
dojo1	24	12	8111	1.992	0.048	0.128	0.005	1.992	2.174	pass
dojo2	24	12	7232	1.751	0.038	0.105	0.005	1.751	1.899	pass
dojo3	24	12	6941	1.651	0.038	0.099	0.004	1.651	1.793	pass
downstairs_test	9	7	2071	0.532	0.017	0.046	0.005	0.532	0.601	pass
dragonscave	20	40	23297	5.562	0.134	0.314	0.005	5.562	6.015	pass
dryadsgrove	40	20	22921	5.473	0.120	0.312	0.006	5.473	5.911	pass
eclipse_crystal_bank1	14	21	18902	4.596	0.060	0.258	0.006	4.596	4.920	pass
eclipse_crystal_bank2	14	21	17696	4.284	0.065	0.253	0.006	4.284	4.609	pass
eclipse_crystal_bank3	14	21	19684	4.825	0.056	0.249	0.005	4.825	5.136	pass
eclipse_crystal_center	13	11	16820	4.158	0.037	0.246	0.006	4.158	4.447	pass
eclipse_crystal_town	40	20	27279	6.519	0.111	0.384	0.006	6.519	7.020	pass
eclipse_crystal_town_cafe	12	12	9393	2.354	0.030	0.150	0.006	2.354	2.541	pass
eclipse_crystal_town_house	9	8	3970	1.005	0.022	0.076	0.006	1.005	1.108	pass
eclipse_lion_mountain_high	40	40	61017	14.400	0.231	0.821	0.006	14.400	15.459	pass
eclipse_lion_mountain_low	40	20	27261	6.485	0.105	0.397	0.006	6.485	6.994	pass
eclipse_lion_mountain_middle	40	40	57808	13.705	0.199	0.717	0.006	13.705	14.628	pass
eclipse_obsidian_center	13	11	11118	2.784	0.034	0.196	0.006	2.784	3.021	pass
eclipse_obsidian_town	40	20	21663	5.110	0.089	0.285	0.005	5.110	5.490	pass
eclipse_obsidian_town_house	9	8	2093	0.552	0.018	0.042	0.005	0.552	0.617	pass
eclipse_park	40	40	52682	12.470	0.262	0.756	0.006	12.470	13.495	pass
eclipse_park_cabin	10	6	5625	1.478	0.021	0.086	0.005	1.478	1.591	pass
eclipse_park_cave	35	13	15297	3.654	0.086	0.231	0.006	3.654	3.977	pass
eclipse_park_entrance	10	10	8109	2.032	0.025	0.147	0.006	2.032	2.210	pass
eclipse_park_south	60	40	73458	17.275	0.402	0.968	0.006	17.275	18.652	pass
eclipse_route7	40	40	84792	20.380	0.281	1.154	0.007	20.380	21.823	pass
eclipse_routef	40	20	22318	5.447	0.132	0.317	0.005	5.447	5.902	pass
eclipse_routeg	40	40	42123	9.883	0.187	0.546	0.006	9.883	10.623	pass
eclipse_routeh	40	40	43425	10.479	0.238	0.596	0.007	10.479	11.322	pass
eclipse_routei	40	40	43918	10.356	0.231	0.583	0.006	10.356	11.176	pass
flower_city	40	40	47452	11.193	0.228	0.633	0.006	11.193	12.061	pass
gadget_store1	20	13	6617	1.637	0.040	0.094	0.005	1.637	1.776	pass
gaming_hall	19	16	9678	2.334	0.066	0.143	0.004	2.334	2.547	pass
healing_center	13	11	10497	2.568	0.030	0.172	0.006	2.568	2.776	pass
leather_scoop	13	11	5516	1.370	0.035	0.103	0.005	1.370	1.513	pass
leather_shaft1	15	15	5761	1.383	0.034	0.084	0.005	1.383	1.507	pass
leather_shaft2	10	10	2776	0.686	0.020	0.050	0.005	0.686	0.761	pass
leather_town	40	40	46588	11.006	0.217	0.632	0.006	11.006	11.861	pass
manhattan_beach	30	40	40375	9.628	0.198	0.533	0.006	9.628	10.366	pass
mansion	18	18	11060	2.685	0.058	0.181	0.005	2.685	2.930	pass
mansion_basement	24	22	14352	3.381	0.080	0.211	0.005	3.381	3.678	pass
mansion_top	23	19	12279	2.911	0.077	0.172	0.005	2.911	3.167	pass
maple_bedroom	9	7	4180	1.062	0.021	0.078	0.005	1.062	1.166	pass
maple_house	13	11	9267	2.271	0.029	0.145	0.006	2.271	2.451	pass
omnichannel0	14	21	8592	2.060	0.056	0.136	0.004	2.060	2.258	pass
omnichannel1	14	21	8957	2.148	0.050	0.155	0.005	2.148	2.358	pass
omnichannel2	14	21	8729	2.126	0.050	0.146	0.005	2.126	2.327	pass
omnichannel3	14	21	8715	2.116	0.049	0.145	0.004	2.116	2.314	pass
omnichannel4	14	21	8190	1.960	0.048	0.129	0.004	1.960	2.142	pass
player_house_bedroom	9	7	4732	1.182	0.019	0.087	0.005	1.182	1.294	pass
player_house_downstairs	9	7	18536	4.507	0.024	0.206	0.006	4.507	4.743	pass
professor_lab	13	18	37114	9.076	0.050	0.485	0.007	9.076	9.618	pass
route1	59	42	126181	32.956	0.391	1.576	0.008	32.956	34.933	pass
route1_sanglorian	40	20	21793	5.327	0.089	0.287	0.006	5.327	5.709	pass
route2	40	20	28427	6.784	0.100	0.406	0.006	6.784	7.297	pass
route3	40	40	40361	9.482	0.169	0.557	0.005	9.482	10.214	pass
route4	20	40	22726	5.412	0.122	0.302	0.005	5.412	5.843	pass
route5	40	20	19638	4.641	0.093	0.237	0.005	4.641	4.977	pass
route6	40	20	25553	6.110	0.121	0.373	0.005	6.110	6.610	pass
routea	20	40	23226	5.490	0.126	0.317	0.005	5.490	5.939	pass
routec	40	20	18774	4.389	0.088	0.217	0.004	4.389	4.699	pass
rubberduck_cave_01	80	71	140604	32.971	0.631	1.573	0.006	32.971	35.182	pass
rubberduck_city_01	70	59	116354	27.353	0.574	1.489	0.006	27.353	29.423	pass
rubberduck_route_01	46	53	70189	16.460	0.384	0.931	0.006	16.460	17.782	pass
russell_practice_1	20	21	10608	2.577	0.059	0.137	0.005	2.577	2.778	pass
scoop1	21	15	9044	2.169	0.054	0.152	0.005	2.169	2.380	pass
scoop2	8	5	2055	0.532	0.016	0.055	0.005	0.532	0.608	pass
scoop3	12	12	4311	1.053	0.033	0.078	0.005	1.053	1.169	pass
scoop4	12	22	7243	1.748	0.042	0.136	0.005	1.748	1.931	pass
sphalian_center	13	11	5256	1.297	0.029	0.092	0.005	1.297	1.424	pass
sphalian_town	23	25	17401	4.153	0.093	0.247	0.005	4.153	4.500	pass
sphalian_town_house	11	9	3331	0.843	0.023	0.062	0.005	0.843	0.933	pass
spyder_bedroom	9	7	7340	1.823	0.020	0.120	0.005	1.823	1.969	pass
spyder_brideswood	40	40	51780	12.215	0.290	0.709	0.006	12.215	13.221	pass
spyder_candy_cafe	12	12	21371	5.289	0.037	0.310	0.006	5.289	5.642	pass
spyder_candy_center	20	11	21239	5.183	0.046	0.356	0.006	5.183	5.593	pass
spyder_candy_hospital1	20	20	42400	10.376	0.081	0.592	0.006	10.376	11.056	pass
spyder_candy_hospital2	20	20	36427	8.851	0.081	0.498	0.006	8.851	9.436	pass
spyder_candy_hospital3	12	20	15742	3.871	0.040	0.225	0.006	3.871	4.143	pass
spyder_candy_house1	10	8	15796	3.910	0.027	0.216	0.006	3.910	4.159	pass
spyder_candy_house2	10	8	7901	1.965	0.024	0.121	0.005	1.965	2.116	pass
spyder_candy_house3	10	8	11193	2.789	0.026	0.168	0.006	2.789	2.990	pass
spyder_candy_inn1	15	16	13359	3.248	0.051	0.224	0.005	3.248	3.528	pass
spyder_candy_inn2	15	16	20154	4.917	0.055	0.296	0.006	4.917	5.274	pass
spyder_candy_port	40	20	32923	7.891	0.138	0.508	0.006	7.891	8.544	pass
spyder_candy_scoop	13	11	9249	2.322	0.031	0.153	0.006	2.322	2.512	pass
spyder_candy_town	40	40	67987	16.201	0.251	0.977	0.006	16.201	17.436	pass
spyder_citypark	40	40	69462	16.627	0.215	12.574	0.012	16.627	29.429	pass
spyder_citypark_house1	10	8	6926	1.892	0.029	0.121	0.006	1.892	2.048	pass
spyder_cotton_artshop	22	11	29557	7.246	0.063	0.482	0.006	7.246	7.799	pass
spyder_cotton_cafe	12	12	23393	5.755	0.040	0.323	0.006	5.755	6.124	pass
spyder_cotton_house1	10	8	6247	1.575	0.025	0.108	0.005	1.575	1.714	pass
spyder_cotton_house2	10	8	7178	1.792	0.026	0.123	0.006	1.792	1.947	pass
spyder_cotton_scoop	13	11	13893	3.411	0.033	0.227	0.006	3.411	3.678	pass
spyder_cotton_town	40	40	70116	16.645	0.236	0.979	0.006	16.645	17.867	pass
spyder_cotton_tunnel	40	20	43144	9.786	0.142	0.580	0.005	9.786	10.515	pass
spyder_datacenter	20	20	51887	11.300	0.091	0.719	0.006	11.300	12.118	pass
spyder_diamond_hill	20	60	31602	6.841	0.122	0.367	0.005	6.841	7.337	pass
spyder_dojo1	24	12	33172	7.121	0.062	0.443	0.005	7.121	7.632	pass
spyder_dojo2	24	12	28008	6.469	0.046	0.335	0.005	6.469	6.856	pass
spyder_dojo3	24	12	28566	6.498	0.043	0.306	0.005	6.498	6.853	pass
spyder_dojo4	24	12	16150	3.507	0.044	0.232	0.006	3.507	3.790	pass
spyder_downstairs	9	7	11193	2.452	0.020	0.131	0.006	2.452	2.609	pass
spyder_dragonscave	20	40	71723	17.347	0.140	3.100	0.007	17.347	20.596	pass
spyder_dryadsgrove	40	40	85844	18.429	0.230	8.748	0.010	18.429	27.419	pass
spyder_flower_center	13	11	12838	2.914	0.036	0.195	0.006	2.914	3.151	pass
spyder_flower_city	40	40	78697	16.526	0.209	1.026	0.006	16.526	17.767	pass
spyder_flower_house1	10	8	6216	1.365	0.024	0.097	0.005	1.365	1.491	pass
spyder_flower_house2	10	8	7752	1.685	0.022	0.101	0.005	1.685	1.813	pass
spyder_flower_petshop	14	9	17211	3.728	0.028	0.195	0.005	3.728	3.957	pass
spyder_flower_scoop	13	11	17613	3.787	0.029	0.206	0.005	3.787	4.027	pass
spyder_greenwash	16	32	33144	7.018	0.076	0.392	0.005	7.018	7.491	pass
spyder_greenwash_greenhouse	32	16	32979	7.160	0.071	0.399	0.005	7.160	7.635	pass
spyder_greenwash_level2	16	32	48830	11.075	0.099	0.704	0.006	11.075	11.883	pass
spyder_greenwash_level3	16	14	21970	5.212	0.045	0.254	0.005	5.212	5.517	pass
spyder_healing_center	13	11	18359	4.018	0.038	0.264	0.005	4.018	4.325	pass
spyder_leather_center	13	11	12853	2.839	0.033	0.208	0.006	2.839	3.085	pass
spyder_leather_gym	25	11	17853	3.856	0.048	0.248	0.005	3.856	4.158	pass
spyder_leather_house1	10	8	6235	1.409	0.021	0.095	0.005	1.409	1.531	pass
spyder_leather_house2	10	8	7183	1.613	0.023	0.122	0.006	1.613	1.763	pass
spyder_leather_museum	30	11	27833	6.587	0.056	0.393	0.006	6.587	7.043	pass
spyder_leather_scoop	13	11	9252	2.095	0.029	0.142	0.005	2.095	2.271	pass
spyder_leather_shaft1	15	15	12388	2.716	0.038	0.172	0.005	2.716	2.933	pass
spyder_leather_shaft2	10	10	6761	1.625	0.026	0.107	0.005	1.625	1.763	pass
spyder_leather_town	40	40	68836	15.105	0.201	0.839	0.005	15.105	16.152	pass
spyder_mansion	18	18	42496	9.453	0.077	0.982	0.006	9.453	10.518	pass
spyder_mansion_basement	24	22	37053	8.986	0.094	0.545	0.006	8.986	9.630	pass
spyder_mansion_top	23	19	33416	8.116	0.085	0.467	0.006	8.116	8.673	pass
spyder_nimrod_bottom	18	20	36844	9.626	0.079	0.431	0.007	9.626	10.143	pass
spyder_nimrod_middle	18	20	43270	9.446	0.060	0.479	0.006	9.446	9.992	pass
spyder_nimrod_room	9	7	16472	3.674	0.026	0.166	0.006	3.674	3.872	pass
spyder_nimrod_top	18	20	27856	6.214	0.060	0.341	0.006	6.214	6.622	pass
spyder_omnichannel1	14	21	22867	5.303	0.062	0.341	0.006	5.303	5.712	pass
spyder_omnichannel2	21	21	30811	7.108	0.083	0.467	0.006	7.108	7.665	pass
spyder_omnichannel3	14	21	18016	4.011	0.054	0.248	0.005	4.011	4.318	pass
spyder_omnichannel4	14	21	15950	3.426	0.050	0.217	0.005	3.426	3.699	pass
spyder_paper_daycare	14	9	14905	3.235	0.027	0.167	0.010	3.235	3.439	pass
spyder_paper_manor	10	8	4901	1.099	0.020	0.076	0.005	1.099	1.200	pass
spyder_paper_rival_bedroom	7	7	4043	0.916	0.019	0.073	0.005	0.916	1.013	pass
spyder_paper_rival_downstairs	11	12	10648	2.342	0.032	0.161	0.005	2.342	2.541	pass
spyder_paper_rival_office	7	7	3519	0.818	0.018	0.063	0.005	0.818	0.905	pass
spyder_paper_scoop	13	11	27512	6.780	0.041	0.304	0.006	6.780	7.131	pass
spyder_paper_town	40	20	58544	12.576	0.115	0.746	0.006	12.576	13.443	pass
spyder_radiotower	14	21	22577	4.887	0.051	0.285	0.008	4.887	5.231	pass
spyder_route1	40	20	38369	8.201	0.128	2.586	0.008	8.201	10.924	pass
spyder_route2	40	20	48361	10.357	0.096	1.847	0.005	10.357	12.306	pass
spyder_route3	40	40	96083	21.508	0.192	7.471	0.015	21.508	29.188	pass
spyder_route4	20	40	59135	12.811	0.127	2.084	0.006	12.811	15.028	pass
spyder_route5	40	20	55314	11.868	0.097	2.135	0.006	11.868	14.111	pass
spyder_route6	40	20	81300	17.467	0.142	2.678	0.007	17.467	20.294	pass
spyder_routea	20	40	75580	17.368	0.136	2.473	0.006	17.368	19.984	pass
spyder_routeb	20	40	50118	10.794	0.137	2.110	0.006	10.794	13.046	pass
spyder_routec	40	40	112961	26.426	0.356	10.600	0.011	26.426	37.394	pass
spyder_routed	40	40	48837	10.351	0.150	5.468	0.006	10.351	15.975	pass
spyder_routee	20	20	30462	6.517	0.089	0.781	0.005	6.517	7.393	pass
spyder_scoop1	21	15	32296	7.025	0.065	0.400	0.005	7.025	7.495	pass
spyder_scoop2	8	5	6427	1.485	0.019	0.116	0.005	1.485	1.626	pass
spyder_scoop3	12	12	19951	4.364	0.035	0.247	0.005	4.364	4.652	pass
spyder_scoop4	12	22	36268	7.903	0.052	0.413	0.005	7.903	8.373	pass
spyder_test_map	40	40	48943	10.332	0.137	0.559	0.006	10.332	11.035	pass
spyder_timber_cafe	12	12	16534	3.957	0.033	0.216	0.006	3.957	4.213	pass
spyder_timber_center	13	11	12836	3.079	0.035	0.209	0.006	3.079	3.329	pass
spyder_timber_house	10	8	7036	1.644	0.020	0.099	0.005	1.644	1.768	pass
spyder_timber_scoop	13	11	9205	2.010	0.027	0.139	0.005	2.010	2.181	pass
spyder_timber_town	40	40	62066	13.810	0.235	0.875	0.006	13.810	14.926	pass
spyder_timber_walledgarden1	16	12	26794	6.495	0.048	0.360	0.006	6.495	6.910	pass
spyder_timber_walledgarden2	16	20	32096	7.452	0.075	0.416	0.006	7.452	7.950	pass
spyder_tunnel	20	40	51770	11.278	0.110	2.006	0.005	11.278	13.400	pass
spyder_tunnel_below	20	40	43845	9.247	0.129	1.947	0.006	9.247	11.330	pass
spyder_wayfarer_inn1	15	16	37027	7.931	0.055	0.464	0.006	7.931	8.457	pass
spyder_wayfarer_inn2	15	16	17970	3.830	0.047	0.230	0.005	3.830	4.113	pass
start_tuxemon	8	8	11186	2.471	0.019	0.195	0.005	2.471	2.690	pass
taba_ba_br_1	16	16	20494	4.826	0.052	0.280	0.006	4.826	5.164	pass
taba_ba_br_2	16	16	15935	3.789	0.043	0.200	0.006	3.789	4.039	pass
taba_ba_br_3	16	16	25640	5.692	0.046	0.248	0.005	5.692	5.992	pass
taba_ba_br_4	16	16	13713	2.991	0.041	0.163	0.005	2.991	3.200	pass
taba_ba_br_master	20	20	9864	2.113	0.049	0.113	0.004	2.113	2.280	pass
taba_ba_br_master_foyer	14	17	7641	1.670	0.037	0.108	0.005	1.670	1.820	pass
taba_ba_foyer	5	10	4043	0.916	0.018	0.069	0.005	0.916	1.007	pass
taba_ba_main	19	15	49944	11.039	0.062	0.544	0.005	11.039	11.650	pass
taba_ba_passageway_1	20	20	13788	2.984	0.057	0.177	0.005	2.984	3.224	pass
taba_ba_passageway_2	20	20	12795	2.823	0.055	0.173	0.005	2.823	3.057	pass
taba_ba_passageway_3	20	20	13487	3.247	0.065	0.188	0.005	3.247	3.506	pass
taba_ba_passageway_4	8	20	8605	2.111	0.033	0.128	0.005	2.111	2.278	pass
taba_ba_stairwell_1	12	12	7133	1.710	0.035	0.108	0.005	1.710	1.858	pass
taba_ba_stairwell_2	16	16	8248	1.948	0.049	0.125	0.005	1.948	2.128	pass
taba_house1	9	7	4636	1.039	0.018	0.074	0.004	1.039	1.135	pass
taba_house2	9	7	6249	1.377	0.022	0.117	0.005	1.377	1.521	pass
taba_house2_upstairs	9	7	4231	0.930	0.019	0.074	0.005	0.930	1.028	pass
taba_house3	12	7	6274	1.408	0.023	0.110	0.005	1.408	1.546	pass
taba_house3_upstairs	12	7	5860	1.291	0.020	0.085	0.005	1.291	1.401	pass
taba_house4	12	7	7698	1.685	0.025	0.124	0.005	1.685	1.839	pass
taba_town	64	60	149283	35.112	0.499	1.746	0.007	35.112	37.366	pass
tabathas	12	12	3283	0.764	0.019	0.048	0.004	0.764	0.836	pass
test_npcs	40	40	285698	65.787	0.486	8.693	0.011	65.787	74.979	exempt
timber_town	40	40	47120	10.873	0.210	0.556	0.005	10.873	11.646	pass
tt_forest_route1	28	40	32457	6.904	0.173	0.402	0.005	6.904	7.484	pass
tt_paper_town	40	22	25095	5.348	0.130	0.287	0.004	5.348	5.769	pass
tt_searoute1	40	40	49188	10.313	0.253	0.623	0.004	10.313	11.193	pass
tunnel	20	40	24726	5.203	0.095	0.344	0.005	5.203	5.647	pass
tunnel_below	20	40	24638	5.541	0.144	0.336	0.005	5.541	6.027	pass
tuxe_mart_taba	13	11	8946	2.153	0.031	0.144	0.006	2.153	2.333	pass
water_cathedral	50	60	61356	12.820	0.192	0.505	0.005	12.820	13.522	pass
water_end_of_desert	50	40	47649	10.607	0.141	0.485	0.005	10.607	11.238	pass
water_lower_village	42	24	46399	9.799	0.126	0.598	0.005	9.799	10.529	pass
water_outskirts	30	30	26336	5.646	0.081	0.301	0.005	5.646	6.033	pass
water_river_village	20	30	25370	5.422	0.095	0.350	0.005	5.422	5.872	pass
water_route_grass	30	50	41299	8.607	0.149	0.486	0.005	8.607	9.248	pass
water_route_ice	30	30	35447	7.453	0.123	0.466	0.005	7.453	8.048	pass
water_snow_village	30	30	40714	8.555	0.118	0.424	0.005	8.555	9.103	pass
water_underwater	50	50	78799	16.851	0.332	0.897	0.007	16.851	18.087	pass
water_volcano_path	20	20	19530	4.716	0.080	0.327	0.005	4.716	5.130	pass
water_volcano_village	20	30	22313	5.338	0.088	0.320	0.005	5.338	5.752	pass
wayfarer_inn1	15	16	7725	1.721	0.042	0.118	0.004	1.721	1.886	pass
wayfarer_inn2	15	16	7177	1.525	0.040	0.101	0.004	1.525	1.671	pass
witcher_route_7	20	30	18921	3.765	0.060	0.216	0.004	3.765	4.045	pass
